,日期,开盘价,最高价,收盘价,最低价,成交量,价格变动,涨跌幅,5日均价,10日均价,20日均价,5日均量,10日均量,20日均量,换手率
0,2020-09-30,6.55,6.56,6.5,6.41,83233.22,-0.02,-0.31,6.504,6.751,6.944,114935.31,119560.76,135223.88,0.96
1,2020-09-29,6.38,6.64,6.52,6.38,130901.84,0.17,2.68,6.577999999999999,6.794,6.997999999999999,113895.87,120047.41,139668.46,1.5
2,2020-09-28,6.56,6.6,6.35,6.35,102477.48,-0.21,-3.2,6.654,6.845,7.057,112692.85,117773.73,141093.66,1.18
3,2020-09-25,6.62,6.65,6.56,6.51,93331.8,-0.03,-0.46,6.808,6.9110000000000005,7.122000000000001,119864.43,121066.93,144524.41,1.07
4,2020-09-24,6.82,6.85,6.59,6.55,164732.23,-0.28,-4.08,6.916,6.94,7.178,129765.74,127795.28,146598.91,1.89
5,2020-09-23,6.92,6.97,6.87,6.83,78035.98,-0.03,-0.43,6.997999999999999,6.9639999999999995,7.231,124186.2,134085.98,146850.98,0.9
6,2020-09-22,7.09,7.09,6.9,6.88,124886.75,-0.22,-3.09,7.01,6.995,7.265,126198.96,143532.64,156214.88,1.43
7,2020-09-21,7.13,7.22,7.12,7.07,138335.41,0.02,0.28,7.0360000000000005,7.042000000000001,7.31,122854.61,147440.61,166971.69,1.59
8,2020-09-18,7.0,7.11,7.1,6.94,142838.31,0.1,1.43,7.013999999999999,7.058,7.362,122269.42,149164.71,167507.75,1.64
9,2020-09-17,6.93,7.1,7.0,6.83,136834.55,0.07,1.01,6.9639999999999995,7.093999999999999,7.412000000000001,125824.83,147773.92,168149.48,1.57
10,2020-09-16,7.01,7.02,6.93,6.86,88099.77,-0.1,-1.42,6.93,7.1370000000000005,7.471,143985.76,150887.0,168744.62,1.01
11,2020-09-15,7.01,7.05,7.03,6.93,108165.0,0.02,0.28,6.98,7.202000000000001,7.541,160866.32,159289.51,176425.92,1.24
12,2020-09-14,6.87,7.03,7.01,6.84,135409.47,0.16,2.34,7.047999999999999,7.269,7.622999999999999,172026.61,164413.59,184746.03,1.56
13,2020-09-11,6.83,6.97,6.85,6.78,160615.36,0.02,0.29,7.102,7.332000000000001,7.7,176060.0,167981.89,190508.04,1.84
14,2020-09-10,7.23,7.33,6.83,6.78,227639.22,-0.35,-4.88,7.224,7.416,7.774,169723.01,165402.54,190312.86,2.61
15,2020-09-09,7.32,7.33,7.18,7.11,172502.55,-0.19,-2.58,7.343999999999999,7.497999999999999,7.843999999999999,157788.23,159615.98,186684.8,1.98
16,2020-09-08,7.29,7.39,7.37,7.18,163966.45,0.09,1.24,7.4239999999999995,7.534,7.902,157712.7,168897.13,191676.32,1.88
17,2020-09-07,7.49,7.57,7.28,7.26,155576.41,-0.18,-2.41,7.49,7.577999999999999,7.96,156800.57,186502.77,196680.06,1.79
18,2020-09-04,7.22,7.49,7.46,7.18,128930.44,0.03,0.4,7.562,7.665,8.037,159903.78,185850.79,200366.99,1.48
19,2020-09-03,7.6,7.63,7.43,7.39,167965.31,-0.15,-1.98,7.608,7.73,8.105,161082.06,188525.03,214373.75,1.93
20,2020-09-02,7.7,7.74,7.58,7.55,172124.91,-0.12,-1.56,7.652,7.805,8.195,161443.73,186602.25,241545.92,1.98
21,2020-09-01,7.66,7.79,7.7,7.56,159405.8,0.06,0.79,7.644,7.88,8.26,180081.55,193562.32,244670.1,1.83
22,2020-08-31,7.77,7.81,7.64,7.59,171092.44,-0.05,-0.65,7.666,7.976,8.32,216204.96,205078.48,252067.47,1.97
23,2020-08-28,7.68,7.7,7.69,7.53,134821.84,0.04,0.52,7.768,8.068,8.39,211797.81,213034.19,266138.35,1.55
24,2020-08-27,7.5,7.73,7.65,7.41,169773.66,0.11,1.46,7.852,8.131,8.44,215968.0,215223.17,274838.42,1.95
25,2020-08-26,7.81,7.87,7.54,7.5,265314.03,-0.27,-3.46,7.957999999999999,8.19,8.482999999999999,211760.76,213753.62,280319.27,3.05
26,2020-08-25,8.15,8.15,7.81,7.74,340022.81,-0.34,-4.17,8.116,8.269,8.541,207043.08,214455.5,284323.56,3.91
27,2020-08-24,8.12,8.22,8.15,7.92,149056.7,0.04,0.49,8.286,8.342,8.574,193952.0,206857.36,278843.23,1.71
28,2020-08-21,8.22,8.31,8.11,8.05,155672.78,-0.07,-0.86,8.368,8.408999999999999,8.588,214270.57,214883.18,285158.63,1.79
29,2020-08-20,8.25,8.31,8.18,8.1,148737.48,-0.15,-1.8,8.41,8.479,8.604,214478.35,240222.48,302846.97,1.71
30,2020-08-19,8.62,8.62,8.33,8.29,241725.64,-0.33,-3.81,8.422,8.584,8.641,215746.47,296489.59,320892.02,2.78
31,2020-08-18,8.6,8.75,8.66,8.51,274567.38,0.1,1.17,8.422,8.64,8.69,221867.92,295777.88,329709.84,3.15
32,2020-08-17,8.31,8.67,8.56,8.3,250649.56,0.24,2.88,8.398,8.663,8.722000000000001,219762.73,299056.46,335646.65,2.88
33,2020-08-14,8.24,8.34,8.32,8.16,156711.7,0.08,0.97,8.45,8.712,8.763,215495.8,319242.52,344504.84,1.8
34,2020-08-13,8.38,8.42,8.24,8.24,155078.09,-0.09,-1.08,8.548,8.749,8.802999999999999,265966.6,334453.67,358215.55,1.78
35,2020-08-12,8.51,8.63,8.33,8.15,272332.88,-0.21,-2.46,8.746,8.776,8.845,377232.7,346884.92,380052.41,3.13
36,2020-08-11,8.81,8.84,8.54,8.54,264041.41,-0.28,-3.17,8.857999999999999,8.812000000000001,8.899,369687.84,354191.62,410555.87,3.03
37,2020-08-10,8.75,8.9,8.82,8.65,229314.92,0.01,0.11,8.927999999999999,8.805,8.985,378350.19,350829.09,452919.48,2.63
38,2020-08-07,9.1,9.11,8.81,8.74,409065.72,-0.42,-4.55,8.974,8.766,9.08,422989.23,355434.07,495291.7,4.7
39,2020-08-06,8.93,9.23,9.23,8.5,711408.56,0.34,3.83,8.95,8.728,9.177999999999999,402940.74,365471.46,550837.1,8.17
40,2020-08-05,8.97,9.04,8.89,8.75,234608.58,0.0,0.0,8.806000000000001,8.698,9.246,316537.14,345294.45,597046.93,2.69
41,2020-08-04,9.07,9.1,8.89,8.82,307353.19,-0.16,-1.77,8.766,8.738999999999999,9.317,338695.4,363641.79,691814.3,3.53
42,2020-08-03,8.87,9.17,9.05,8.77,452510.12,0.36,4.14,8.682,8.781,9.377,323307.99,372236.84,743696.3,5.2
43,2020-07-31,8.54,8.77,8.69,8.49,308823.25,0.18,2.12,8.558,8.814,9.415,287878.91,369767.16,770935.78,3.55
44,2020-07-30,8.7,8.78,8.51,8.49,279390.56,-0.18,-2.07,8.506,8.857000000000001,9.426,328002.18,381977.43,817431.38,3.21
45,2020-07-29,8.5,8.74,8.69,8.41,345399.88,0.22,2.6,8.59,8.914,9.405,374051.76,413219.9,854037.2,3.97
46,2020-07-28,8.5,8.57,8.47,8.31,230416.16,0.04,0.47,8.712,8.985,9.386000000000001,388588.19,466920.12,871442.17,2.65
47,2020-07-27,8.43,8.64,8.43,8.24,275364.72,0.0,0.0,8.88,9.165,9.376,421165.68,555009.87,902121.87,3.16
48,2020-07-24,8.93,9.21,8.43,8.18,509439.56,-0.5,-5.6,9.07,9.392999999999999,9.357000000000001,451655.4,635149.33,929685.98,5.85
49,2020-07-23,9.18,9.21,8.93,8.7,509638.47,-0.37,-3.98,9.208,9.627,9.317,435952.69,736202.73,904214.5,5.85
50,2020-07-22,9.17,9.51,9.3,9.17,418082.03,-0.01,-0.11,9.238,9.794,9.252,452388.04,848799.41,905210.65,4.8
51,2020-07-21,9.65,9.66,9.31,9.23,393303.62,-0.07,-0.75,9.258,9.894,9.184,545252.04,1019986.81,910838.71,4.52
52,2020-07-20,9.27,9.39,9.38,9.0,427813.31,0.26,2.85,9.45,9.972999999999999,9.122,688854.07,1115155.77,930879.77,4.91
53,2020-07-17,9.15,9.28,9.12,8.96,430926.03,0.04,0.44,9.716000000000001,10.015,9.051,818643.26,1172104.41,948552.57,4.95
54,2020-07-16,9.45,9.65,9.08,9.0,591815.19,-0.3,-3.2,10.046,9.994,8.996,1036452.77,1252885.33,977711.0,6.8
55,2020-07-15,10.27,10.3,9.4,9.25,882402.06,-0.87,-8.47,10.35,9.896,8.917,1245210.79,1294854.5,963908.03,10.13
56,2020-07-14,10.58,10.74,10.27,9.96,1111313.75,-0.44,-4.11,10.53,9.786,8.827,1494721.57,1275964.23,939085.65,12.76
57,2020-07-13,10.58,10.89,10.71,10.47,1076759.25,-0.06,-0.56,10.495999999999999,9.586,8.677999999999999,1541457.47,1249233.86,906318.58,12.37
58,2020-07-10,10.31,11.3,10.77,10.21,1519973.62,0.17,1.6,10.314,9.321,8.527999999999999,1525565.56,1224222.63,870532.87,17.46
59,2020-07-09,10.12,11.11,10.6,10.12,1635605.25,0.3,2.91,9.942,9.007,8.383,1469317.89,1072226.26,822735.67,18.79
60,2020-07-08,10.5,10.78,10.3,9.85,2129956.0,0.2,1.98,9.442,8.709,8.253,1344498.21,961621.89,770128.67,24.46
61,2020-07-07,10.2,10.78,10.1,10.03,1344993.25,0.3,3.06,9.042,8.474,8.126,1057206.89,801690.61,685553.74,15.45
62,2020-07-06,9.78,9.8,9.8,9.32,997299.69,0.89,9.99,8.676,8.271,8.014,957010.24,746603.76,649170.23,11.45
63,2020-07-03,8.06,8.91,8.91,8.06,1238735.25,0.81,10.0,8.328,8.086,7.907,922879.69,725000.73,627575.87,14.23
64,2020-07-02,8.61,8.77,8.1,8.03,1011506.88,-0.2,-2.41,8.072000000000001,7.997999999999999,7.829,675134.64,702536.66,583605.22,11.62
65,2020-07-01,8.36,8.47,8.3,8.06,693499.38,0.03,0.36,7.976,7.938,7.7989999999999995,578745.56,632961.56,556442.03,7.96
66,2020-06-30,8.1,8.45,8.27,8.03,844010.0,0.21,2.6,7.906000000000001,7.867999999999999,7.757999999999999,546174.33,602207.07,544853.48,9.69
67,2020-06-29,7.69,8.38,8.06,7.63,826646.94,0.44,5.77,7.8660000000000005,7.77,7.7139999999999995,536197.29,563403.3,524759.63,9.49
68,2020-06-26,7.63,7.63,7.63,7.63,10.0,0.01,0.13,7.843999999999999,7.734,7.66,527121.78,516843.12,498839.66,0.0
69,2020-06-24,8.01,8.05,7.62,7.62,529561.5,-0.33,-4.15,7.9239999999999995,7.7589999999999995,7.6339999999999995,729938.69,573245.07,519444.09,6.08
70,2020-06-23,8.04,8.17,7.95,7.85,530643.19,-0.12,-1.49,7.9,7.796,7.6160000000000005,687177.56,578635.46,508392.41,6.09
71,2020-06-22,8.04,8.25,8.07,7.95,794124.81,0.12,1.51,7.83,7.778,7.5920000000000005,658239.81,569416.87,499506.89,9.12
72,2020-06-19,8.0,8.15,7.95,7.94,781269.38,-0.08,-1.0,7.6739999999999995,7.756,7.547999999999999,590609.31,551736.69,482009.96,8.97
73,2020-06-18,7.48,8.16,8.03,7.48,1014094.56,0.53,7.07,7.624,7.728,7.531000000000001,506564.46,530151.0,467428.71,11.65
74,2020-06-17,7.61,7.65,7.5,7.42,315755.88,-0.1,-1.32,7.593999999999999,7.659,7.505,416551.44,464673.79,440769.87,3.63
75,2020-06-16,7.38,7.63,7.6,7.31,385954.41,0.31,4.25,7.692,7.659,7.513999999999999,470093.36,479922.5,463356.53,4.43
76,2020-06-15,7.6,7.6,7.29,7.27,455972.31,-0.41,-5.33,7.726,7.648,7.539,480593.93,487499.88,491889.1,5.24
77,2020-06-12,7.71,7.83,7.7,7.68,361045.12,-0.18,-2.28,7.837999999999999,7.657,7.585,512864.08,486115.97,524848.63,4.15
78,2020-06-11,7.86,8.06,7.88,7.62,564029.5,-0.11,-1.38,7.832000000000001,7.586,7.604,553737.54,480836.21,576702.5,6.48
79,2020-06-10,7.82,8.12,7.99,7.73,583465.44,0.22,2.83,7.724,7.507999999999999,7.6129999999999995,512796.13,465643.12,651110.59,6.7
80,2020-06-09,7.8,7.94,7.77,7.68,438457.28,-0.08,-1.02,7.626,7.436,7.596,489751.64,438149.36,673075.83,5.04
81,2020-06-08,7.69,8.07,7.85,7.65,617323.06,0.18,2.35,7.57,7.405,7.61,494405.84,429596.91,732537.28,7.09
82,2020-06-05,7.37,7.88,7.67,7.24,565412.44,0.33,4.5,7.476,7.3389999999999995,7.595,459367.86,412283.23,738392.82,6.49
83,2020-06-04,7.45,7.56,7.34,7.28,359322.41,-0.16,-2.13,7.34,7.332999999999999,7.593,407934.88,404706.42,761573.19,4.13
84,2020-06-03,7.48,7.69,7.5,7.41,468243.0,0.01,0.13,7.292000000000001,7.351,7.599,418490.11,416865.95,802916.2,5.38
85,2020-06-02,7.46,7.63,7.49,7.34,461728.28,0.11,1.49,7.246,7.369,7.596,386547.08,446790.56,826984.42,5.3
86,2020-06-01,7.1,7.47,7.38,7.07,442133.16,0.39,5.58,7.24,7.428999999999999,7.56,364787.98,496278.31,836342.29,5.08
87,2020-05-29,7.01,7.2,6.99,6.97,308247.53,-0.11,-1.55,7.202000000000001,7.5120000000000005,7.524,365198.61,563581.3,846397.57,3.54
88,2020-05-28,7.21,7.3,7.1,6.91,412098.56,-0.17,-2.34,7.3260000000000005,7.621,7.505,401477.96,672568.79,893407.22,4.73
89,2020-05-27,7.46,7.53,7.27,7.2,308527.88,-0.19,-2.55,7.41,7.718,7.516,415241.79,836578.06,948008.18,3.54
90,2020-05-26,7.26,7.5,7.46,7.23,352932.75,0.27,3.75,7.492000000000001,7.755,7.502000000000001,507034.04,908002.31,965571.54,4.05
91,2020-05-25,7.43,7.51,7.19,7.1,444186.31,-0.42,-5.52,7.617999999999999,7.815,7.468999999999999,627768.65,1035477.66,966292.14,5.1
92,2020-05-22,7.46,7.73,7.61,7.36,489644.31,0.09,1.2,7.822,7.851,7.466,761963.99,1064502.4,965226.95,5.62
93,2020-05-21,7.7,7.82,7.52,7.49,480917.69,-0.16,-2.08,7.916,7.852,7.442,943659.62,1118439.96,967737.43,5.52
94,2020-05-20,7.99,8.03,7.68,7.52,767489.12,-0.41,-5.07,8.026,7.847,7.415,1257914.34,1188966.44,960671.83,8.81
95,2020-05-19,8.23,8.38,8.09,7.9,956605.81,-0.12,-1.46,8.017999999999999,7.8229999999999995,7.375,1308970.57,1207178.28,947573.53,10.99
96,2020-05-18,8.01,8.48,8.21,7.73,1115163.0,0.13,1.61,8.012,7.69,7.303,1443186.66,1176406.28,912423.15,12.81
97,2020-05-15,7.92,8.45,8.08,7.92,1398122.5,0.01,0.12,7.88,7.5360000000000005,7.221,1367040.81,1129213.84,873272.96,16.06
98,2020-05-14,7.7,8.4,8.07,7.66,2052191.25,0.43,5.63,7.787999999999999,7.388,7.157,1293220.3,1114245.66,818231.46,23.57
99,2020-05-13,7.7,7.71,7.64,7.26,1022770.31,-0.42,-5.21,7.667999999999999,7.314,7.091,1120018.55,1059438.31,730515.28,11.75
100,2020-05-12,7.74,8.31,8.06,7.68,1627686.25,0.51,6.75,7.627999999999999,7.249,7.0520000000000005,1105385.99,1023140.77,713654.79,18.69
101,2020-05-11,7.81,7.96,7.55,7.38,734433.75,-0.07,-0.92,7.367999999999999,7.122999999999999,7.018,909625.89,897106.63,675695.72,8.44
102,2020-05-08,7.69,8.08,7.62,7.52,1029019.94,0.15,2.01,7.192,7.08,6.977,891386.88,865951.51,667623.47,11.82
103,2020-05-07,7.69,7.85,7.47,7.35,1186182.5,0.03,0.4,6.9879999999999995,7.032,6.916,935271.01,817034.9,637869.4,13.62
104,2020-05-06,6.71,7.44,7.44,6.71,949607.5,0.68,10.06,6.96,6.982,6.8420000000000005,998858.06,732377.22,592391.96,10.91
105,2020-04-30,6.48,6.89,6.76,6.36,648885.75,0.09,1.35,6.87,6.926,6.781000000000001,940895.55,687968.78,559439.28,7.45
106,2020-04-29,6.57,6.86,6.67,6.56,643238.69,0.07,1.06,6.877999999999999,6.916,6.742999999999999,884587.36,648440.03,542438.72,7.39
107,2020-04-28,7.03,7.17,6.6,6.6,1248440.62,-0.73,-9.96,6.968,6.906000000000001,6.7139999999999995,840516.14,617332.08,529243.2,14.34
108,2020-04-27,7.69,7.69,7.33,7.31,1504117.75,0.34,4.86,7.0760000000000005,6.926,6.6979999999999995,698798.78,522217.27,496264.58,17.28
109,2020-04-24,6.79,7.48,6.99,6.75,659794.94,0.19,2.79,7.004,6.867999999999999,6.671,465896.38,401592.25,450357.64,7.58
110,2020-04-23,7.12,7.18,6.8,6.8,367344.81,-0.32,-4.49,6.982,6.854,6.669,435042.01,404168.81,462680.39,4.22
111,2020-04-22,7.02,7.2,7.12,6.93,422882.59,-0.02,-0.28,6.954,6.912999999999999,6.709,412292.69,454284.82,502124.63,4.86
112,2020-04-21,6.88,7.25,7.14,6.73,539853.81,0.17,2.44,6.843999999999999,6.872999999999999,6.742000000000001,394148.01,469295.44,524756.71,6.2
113,2020-04-20,6.87,7.05,6.97,6.82,339605.75,0.09,1.31,6.776,6.7989999999999995,6.739,345635.76,458703.9,530126.88,3.9
114,2020-04-17,6.76,7.15,6.88,6.75,505523.09,0.22,3.3,6.732,6.702000000000001,6.752000000000001,337288.13,452406.7,547785.06,5.81
115,2020-04-16,6.6,6.74,6.66,6.51,253598.2,0.09,1.37,6.726,6.635,6.763999999999999,373295.61,430909.79,551411.21,2.91
116,2020-04-15,6.76,6.91,6.57,6.57,332159.19,-0.23,-3.38,6.872000000000001,6.569,6.767,496276.96,436437.41,568453.57,3.81
117,2020-04-14,6.77,6.88,6.8,6.68,297292.56,0.05,0.74,6.902,6.522,6.782,544442.87,441154.32,582722.41,3.41
118,2020-04-13,6.7,6.85,6.75,6.53,297867.59,-0.1,-1.46,6.822,6.468999999999999,6.773,571772.04,470311.88,609568.97,3.42
119,2020-04-10,7.15,7.24,6.85,6.78,685560.5,-0.54,-7.31,6.672000000000001,6.473,6.8020000000000005,567525.28,499123.02,639750.24,7.87
120,2020-04-09,6.72,7.39,7.39,6.72,868504.94,0.67,9.97,6.544,6.483,6.815,488523.96,521191.97,641736.31,9.97
121,2020-04-08,6.3,6.87,6.72,6.27,572988.75,0.32,5.0,6.266,6.505,6.785,376597.86,549964.44,636470.59,6.58
122,2020-04-07,6.17,6.45,6.4,6.1,433938.41,0.4,6.67,6.142,6.611000000000001,6.794,337865.77,580217.99,644335.21,4.98
123,2020-04-03,6.2,6.22,6.0,5.99,276633.81,-0.21,-3.38,6.1160000000000005,6.678,6.797000000000001,368851.73,601549.86,648749.64,3.18
124,2020-04-02,5.99,6.23,6.21,5.94,290553.91,0.21,3.5,6.274,6.8020000000000005,6.827999999999999,430720.75,643163.42,655931.64,3.34
125,2020-04-01,6.07,6.25,6.0,5.96,308874.44,-0.1,-1.64,6.422000000000001,6.893,6.852,553859.97,671912.64,671660.29,3.55
126,2020-03-31,6.41,6.43,6.1,6.03,379328.28,-0.17,-2.71,6.744,6.965,6.888,723331.01,700469.73,685100.63,4.36
127,2020-03-30,6.5,6.64,6.27,6.2,588868.19,-0.52,-7.66,7.08,7.042000000000001,6.9239999999999995,822570.2,724290.5,716424.57,6.76
128,2020-03-27,7.14,7.26,6.79,6.77,585978.94,-0.16,-2.3,7.24,7.0760000000000005,6.943,834248.0,748826.05,734547.21,6.73
129,2020-03-26,7.53,7.55,6.95,6.86,906250.0,-0.66,-8.67,7.33,7.131,6.9270000000000005,855606.09,780377.47,766419.42,10.41
130,2020-03-25,8.01,8.36,7.61,7.47,1156229.62,-0.17,-2.19,7.364,7.147,6.94,789965.3,762280.65,805197.72,13.28
131,2020-03-24,7.29,7.78,7.78,7.03,875524.25,0.71,10.04,7.186,7.065,6.942,677608.45,722976.74,832952.79,10.06
132,2020-03-23,6.95,7.48,7.07,6.92,647257.19,-0.17,-2.35,7.004,6.977,6.901,626010.8,708452.43,855397.42,7.43
133,2020-03-20,7.13,7.47,7.24,7.06,692769.38,0.12,1.69,6.912000000000001,6.915,6.879,663404.1,695949.42,873631.66,7.96
134,2020-03-19,6.65,7.12,7.12,6.65,578046.06,0.4,5.95,6.932,6.853,6.818,705148.85,668699.86,868050.13,6.64
135,2020-03-18,6.92,7.14,6.72,6.69,594445.38,-0.15,-2.18,6.93,6.81,6.755,734596.0,671407.94,864228.18,6.83
136,2020-03-17,6.75,7.06,6.87,6.3,617536.0,0.26,3.93,6.944,6.811,6.707999999999999,768345.04,669731.53,865843.68,7.09
137,2020-03-16,7.3,7.55,6.61,6.61,834223.69,-0.73,-9.95,6.95,6.806,6.655,790894.06,708558.64,855530.82,9.58
138,2020-03-13,6.81,7.48,7.34,6.72,901493.12,0.23,3.23,6.917999999999999,6.809,6.605,728494.75,720268.36,827673.47,10.35
139,2020-03-12,6.61,7.16,7.11,6.56,725281.81,0.32,4.71,6.774,6.723,6.5089999999999995,632250.86,752461.37,792096.74,8.33
140,2020-03-11,6.91,7.27,6.79,6.72,763190.56,-0.11,-1.59,6.69,6.732,6.4239999999999995,608219.89,848114.79,766999.23,8.77
141,2020-03-10,6.45,6.95,6.9,6.32,730281.12,0.45,6.98,6.678,6.819,6.36,571118.02,942928.84,738960.28,8.39
142,2020-03-09,6.48,6.93,6.45,6.4,522227.12,-0.17,-2.57,6.662000000000001,6.825,6.282,626223.21,1002342.4,712299.52,6.0
143,2020-03-06,6.53,6.77,6.62,6.53,420273.69,-0.07,-1.05,6.7,6.8420000000000005,6.231,712041.98,1051313.89,699594.14,4.83
144,2020-03-05,6.98,6.99,6.69,6.54,605126.94,-0.04,-0.59,6.672000000000001,6.782,6.167999999999999,872671.89,1067400.4,690732.44,6.95
145,2020-03-04,6.59,6.83,6.73,6.49,577681.25,-0.09,-1.32,6.774,6.699,6.09,1088009.7,1057048.43,671986.7,6.63
146,2020-03-03,6.83,7.13,6.82,6.63,1005807.06,0.18,2.71,6.96,6.605,6.001,1314739.65,1061955.83,655870.92,11.55
147,2020-03-02,6.61,6.75,6.64,6.25,951320.94,0.16,2.47,6.9879999999999995,6.504,5.901,1378461.59,1002503.01,618692.87,10.93
148,2020-02-28,6.66,6.93,6.48,6.48,1223423.25,-0.72,-10.0,6.984,6.401,5.813,1390585.81,935078.59,573141.63,14.05
149,2020-02-27,8.0,8.15,7.2,7.14,1681816.0,-0.46,-6.0,6.892,6.294,5.76,1262128.91,831732.11,524938.88,19.32
150,2020-02-26,6.96,7.66,7.66,6.81,1711331.0,0.7,10.06,6.624,6.1160000000000005,5.687,1026087.15,685883.66,449513.5,19.65
151,2020-02-25,6.67,7.09,6.96,6.38,1324416.75,0.34,5.14,6.25,5.9,5.5920000000000005,809172.0,534991.73,374397.91,15.21
152,2020-02-24,6.2,6.62,6.62,6.11,1011942.06,0.6,9.97,6.02,5.739,5.544,626544.43,422256.64,320161.15,11.62
153,2020-02-21,5.82,6.13,6.02,5.8,581138.75,0.16,2.73,5.818,5.62,5.516,479571.36,347874.38,278562.4,6.67
154,2020-02-20,5.82,5.93,5.86,5.55,501607.19,0.07,1.21,5.696000000000001,5.553999999999999,5.522,401335.3,314064.48,263626.12,5.76
155,2020-02-19,5.77,6.13,5.79,5.66,626755.25,-0.02,-0.34,5.608,5.48,5.5329999999999995,345680.17,286924.97,245950.8,7.2
156,2020-02-18,5.58,5.82,5.81,5.57,411278.91,0.2,3.56,5.55,5.397,5.5520000000000005,260811.45,249786.02,228170.48,4.72
157,2020-02-17,5.43,5.61,5.61,5.42,277076.72,0.2,3.7,5.457999999999999,5.297000000000001,5.572,217968.85,234882.74,218090.56,3.18
158,2020-02-14,5.42,5.51,5.41,5.35,189958.42,-0.01,-0.18,5.422000000000001,5.224,5.6,216177.39,211204.66,221112.25,2.18
159,2020-02-13,5.46,5.54,5.42,5.35,223331.56,-0.08,-1.46,5.412000000000001,5.225,5.638,226793.67,218145.66,225829.9,2.56
160,2020-02-12,5.33,5.53,5.5,5.31,202411.64,0.15,2.8,5.352,5.257999999999999,5.67,228169.76,213143.35,234324.21,2.32
161,2020-02-11,5.43,5.53,5.35,5.3,197065.91,-0.08,-1.47,5.244,5.284,5.71,238760.59,213804.1,248481.89,2.26
162,2020-02-10,5.39,5.62,5.43,5.28,268119.44,0.07,1.31,5.136,5.349,5.747999999999999,251796.62,218065.67,254004.48,3.08
163,2020-02-07,5.15,5.36,5.36,5.09,243039.78,0.24,4.69,5.026,5.4110000000000005,5.784,206231.93,209250.43,260032.85,2.79
164,2020-02-06,4.94,5.18,5.12,4.91,230212.05,0.16,3.23,5.038,5.489,5.817,209497.66,213187.76,265923.29,2.64
165,2020-02-05,4.85,5.02,4.96,4.81,255365.77,0.15,3.12,5.164,5.586,5.85,198116.93,204976.63,262782.82,2.93
166,2020-02-04,4.45,4.88,4.81,4.45,262246.06,-0.07,-1.43,5.324,5.707000000000001,5.894,188847.62,206554.94,262901.05,3.01
167,2020-02-03,4.88,4.88,4.88,4.88,40296.0,-0.54,-9.96,5.562,5.847,5.945,184334.72,201298.39,262703.22,0.46
168,2020-01-23,5.68,5.7,5.42,5.29,259368.42,-0.33,-5.74,5.796,5.975,5.999,212268.93,231019.85,271146.14,2.98
169,2020-01-22,5.7,5.8,5.75,5.55,173308.41,-0.01,-0.17,5.94,6.051,6.025,216877.87,233514.14,270113.7,1.99
170,2020-01-21,5.98,5.98,5.76,5.74,209019.2,-0.24,-4.0,6.007999999999999,6.081,6.026,211836.33,255505.07,267411.84,2.4
171,2020-01-20,6.05,6.05,6.0,5.8,239681.55,-0.05,-0.83,6.09,6.135,6.022,224262.26,283159.68,266495.43,2.75
172,2020-01-17,6.1,6.17,6.05,6.03,179967.06,-0.09,-1.47,6.132000000000001,6.147,6.013,218262.07,289943.3,264620.86,2.07
173,2020-01-16,6.1,6.27,6.14,6.1,282413.12,0.05,0.82,6.154,6.157,6.007999999999999,249770.76,310815.27,265317.02,3.24
174,2020-01-15,6.16,6.17,6.09,6.03,148100.7,-0.08,-1.3,6.162000000000001,6.144,5.997999999999999,250150.42,318658.82,263100.05,1.7
175,2020-01-14,6.23,6.27,6.17,6.1,271148.88,-0.04,-0.64,6.154,6.1129999999999995,5.992000000000001,299173.82,320589.01,271523.82,3.11
176,2020-01-13,6.14,6.23,6.21,6.13,209680.58,0.05,0.81,6.18,6.081,5.977,342057.09,319247.16,268915.23,2.41
177,2020-01-10,6.33,6.39,6.16,6.14,337510.53,-0.02,-0.32,6.162000000000001,6.042000000000001,5.952999999999999,361624.53,324108.05,268961.33,3.88
178,2020-01-09,6.14,6.27,6.18,6.12,284311.41,0.13,2.15,6.16,6.022,5.928999999999999,371859.78,311272.44,260515.1,3.27
179,2020-01-08,6.21,6.23,6.05,6.0,393217.69,-0.25,-3.97,6.126,5.997999999999999,5.906000000000001,387167.22,306713.26,256117.07,4.52
180,2020-01-07,6.16,6.33,6.3,6.1,485565.25,0.18,2.94,6.072,5.971,5.894,342004.21,279318.6,257182.99,5.58
181,2020-01-06,6.14,6.22,6.12,6.04,307517.75,-0.03,-0.49,5.982,5.909,5.862,296437.23,249831.18,246403.15,3.53
182,2020-01-03,6.03,6.27,6.15,5.98,388686.81,0.14,2.33,5.922000000000001,5.877999999999999,5.834,286591.57,239298.43,238407.15,4.46
183,2020-01-02,5.82,6.13,6.01,5.81,360848.62,0.23,3.98,5.8839999999999995,5.859,5.801,250685.1,219818.77,228090.75,4.14
184,2019-12-31,5.85,5.92,5.78,5.73,167402.62,-0.07,-1.2,5.87,5.852,5.769,226259.3,207541.27,214132.26,1.92
185,2019-12-30,5.75,5.92,5.85,5.68,257730.36,0.03,0.52,5.87,5.87,5.749,216632.99,222458.63,211168.7,2.96
186,2019-12-27,5.97,6.01,5.82,5.8,258289.44,-0.14,-2.35,5.836,5.872000000000001,5.727,203225.13,218583.3,203638.03,2.97
187,2019-12-26,5.96,6.02,5.96,5.84,209154.48,0.02,0.34,5.834,5.8629999999999995,5.707999999999999,192005.28,213814.62,195411.73,2.4
188,2019-12-25,5.78,6.01,5.94,5.76,238719.62,0.16,2.77,5.834,5.836,5.681,188952.43,209757.75,191651.51,2.74
189,2019-12-24,5.69,5.81,5.78,5.68,119271.03,0.1,1.76,5.834,5.813,5.6610000000000005,188823.23,205520.88,190932.08,1.37
190,2019-12-23,5.8,5.91,5.68,5.67,190691.06,-0.13,-2.24,5.87,5.816,5.638,228284.28,235047.38,189776.85,2.19
191,2019-12-20,5.96,5.99,5.81,5.8,202190.23,-0.15,-2.52,5.9079999999999995,5.814,5.617999999999999,233941.47,242975.12,188870.94,2.35
192,2019-12-19,5.95,6.03,5.96,5.9,193890.22,0.02,0.34,5.892,5.789,5.602,235623.96,237515.87,189389.44,2.26
193,2019-12-18,5.94,6.06,5.94,5.92,238073.62,-0.02,-0.34,5.837999999999999,5.742999999999999,5.5889999999999995,230563.07,236362.73,188565.01,2.77
194,2019-12-17,5.94,6.03,5.96,5.88,316576.25,0.09,1.53,5.792000000000001,5.685,5.572,222218.52,220723.25,188357.15,3.68
195,2019-12-16,5.76,5.88,5.87,5.74,218977.05,0.14,2.44,5.7620000000000005,5.627999999999999,5.557,241810.47,199878.77,182904.99,2.55
196,2019-12-13,5.69,5.78,5.73,5.63,210602.64,0.04,0.7,5.72,5.581,5.537999999999999,252008.76,188692.75,178690.13,2.45
197,2019-12-12,5.73,5.78,5.69,5.68,168585.77,-0.02,-0.35,5.686,5.553,5.525,239407.78,177008.85,177347.33,1.96
198,2019-12-11,5.78,5.81,5.71,5.68,196350.91,-0.1,-1.72,5.648,5.526,5.519,242162.4,173545.26,175154.9,2.29
199,2019-12-10,5.65,5.86,5.81,5.61,414536.0,0.15,2.65,5.577999999999999,5.507999999999999,5.507000000000001,219227.98,176343.29,172258.75,4.82
200,2019-12-09,5.61,5.87,5.66,5.58,269968.5,0.1,1.8,5.494,5.46,5.497999999999999,157947.06,144506.32,160361.63,3.14
201,2019-12-06,5.52,5.58,5.56,5.47,147597.7,0.06,1.09,5.442,5.422000000000001,5.492999999999999,125376.74,134766.75,159948.19,1.72
202,2019-12-05,5.38,5.56,5.5,5.36,182358.88,0.14,2.61,5.42,5.415,5.5089999999999995,114609.92,141263.02,173320.77,2.12
203,2019-12-04,5.35,5.42,5.36,5.33,81678.8,-0.03,-0.56,5.404,5.434,5.544,104928.13,140767.29,182505.25,0.95
204,2019-12-03,5.37,5.39,5.39,5.24,108131.43,-0.01,-0.18,5.438,5.457999999999999,5.582999999999999,133458.61,155991.04,198080.34,1.26
205,2019-12-02,5.46,5.47,5.4,5.34,107116.91,-0.05,-0.92,5.426,5.486000000000001,5.627999999999999,131065.57,165931.22,228100.08,1.25
206,2019-11-29,5.43,5.46,5.45,5.37,93763.58,0.03,0.55,5.402,5.495,5.662999999999999,144156.76,168687.5,248633.55,1.09
207,2019-11-28,5.5,5.52,5.42,5.41,133949.91,-0.11,-1.99,5.41,5.497000000000001,5.686,167916.11,177685.8,257486.08,1.56
208,2019-11-27,5.4,5.58,5.53,5.36,224331.2,0.2,3.75,5.4639999999999995,5.511,5.711,176606.46,176764.55,267023.07,2.61
209,2019-11-26,5.3,5.39,5.33,5.28,96166.25,0.05,0.95,5.478,5.506,5.7379999999999995,178523.48,168174.21,281923.38,1.12
210,2019-11-25,5.48,5.49,5.28,5.24,172572.88,-0.21,-3.83,5.546,5.5360000000000005,5.766,200796.86,176216.94,301323.72,2.01
211,2019-11-22,5.69,5.77,5.49,5.45,212560.31,-0.2,-3.52,5.587999999999999,5.564,5.808,193218.24,185129.63,335105.97,2.47
212,2019-11-21,5.58,5.71,5.69,5.54,177401.66,0.09,1.61,5.584,5.602,5.819,187455.5,205378.52,346941.51,2.06
213,2019-11-20,5.62,5.79,5.6,5.59,233916.3,-0.07,-1.24,5.558,5.653,5.814,176922.63,224243.2,363428.71,2.72
214,2019-11-19,5.49,5.68,5.67,5.46,207533.16,0.18,3.28,5.534,5.707999999999999,5.815,157824.93,240169.64,370007.04,2.42
215,2019-11-18,5.45,5.53,5.49,5.35,134679.78,0.02,0.37,5.526,5.769,5.787999999999999,151637.02,290268.95,363855.45,1.57
216,2019-11-15,5.57,5.68,5.47,5.42,183746.59,-0.09,-1.62,5.54,5.83,5.765,177041.01,328579.59,362564.16,2.14
217,2019-11-14,5.5,5.61,5.56,5.46,124737.32,0.08,1.46,5.62,5.875,5.747999999999999,223301.55,337286.36,359346.44,1.45
218,2019-11-13,5.6,5.6,5.48,5.42,138427.8,-0.15,-2.66,5.747999999999999,5.91,5.732,271563.76,357281.59,356675.17,1.61
219,2019-11-12,5.58,5.63,5.63,5.46,176593.59,0.07,1.26,5.882000000000001,5.968999999999999,5.721,322514.34,395672.55,354219.03,2.06
220,2019-11-11,5.81,5.81,5.56,5.55,261699.77,-0.31,-5.28,6.0120000000000005,5.995,5.705,428900.89,426430.5,353919.97,3.05
221,2019-11-08,6.19,6.21,5.87,5.86,415049.25,-0.33,-5.32,6.12,6.051,5.695,480118.17,485082.32,347608.65,4.83
222,2019-11-07,6.12,6.29,6.2,6.12,366048.41,0.05,0.81,6.13,6.035,5.6610000000000005,451271.16,488504.51,333733.38,4.26
223,2019-11-06,6.32,6.32,6.15,6.07,393180.69,-0.13,-2.07,6.072,5.974,5.61,442999.41,502614.22,321994.28,4.58
224,2019-11-05,6.12,6.35,6.28,6.05,708526.31,0.18,2.95,6.056,5.922000000000001,5.559,468830.76,499844.45,306398.77,8.25
225,2019-11-04,5.92,6.25,6.1,5.87,517786.19,0.18,3.04,5.978,5.806,5.5,423960.12,437441.96,274700.9,6.03
226,2019-11-01,5.88,6.02,5.92,5.76,270814.22,0.01,0.17,5.982,5.699,5.4510000000000005,490046.47,396548.73,253680.31,3.15
227,2019-10-31,6.07,6.12,5.91,5.8,324689.62,-0.16,-2.64,5.94,5.62,5.42,525737.85,381406.53,245524.29,3.78
228,2019-10-30,5.83,6.28,6.07,5.75,522337.44,0.18,3.06,5.876,5.553999999999999,5.386,562229.04,356068.75,239507.84,6.08
229,2019-10-29,6.03,6.12,5.89,5.88,484173.12,-0.23,-3.76,5.787999999999999,5.472,5.361000000000001,530858.14,312765.5,226731.6,5.64
230,2019-10-28,5.89,6.28,6.12,5.81,848217.94,0.41,7.18,5.6339999999999995,5.414,5.358,450923.8,281409.43,216325.06,9.9
231,2019-10-25,5.52,5.76,5.71,5.44,449271.12,0.12,2.15,5.416,5.337999999999999,5.3389999999999995,303050.99,210134.97,190120.73,5.24
232,2019-10-24,5.68,5.81,5.59,5.47,507145.56,-0.04,-0.71,5.3,5.2860000000000005,5.343,237075.22,178962.24,193304.62,5.92
233,2019-10-23,5.11,5.63,5.63,5.09,365482.97,0.51,9.96,5.232,5.245,5.347,149908.46,141374.35,176841.3,4.27
234,2019-10-22,5.04,5.14,5.12,5.02,84501.39,0.09,1.79,5.156000000000001,5.196000000000001,5.347,94672.86,112953.09,167472.64,0.99
235,2019-10-21,5.09,5.12,5.03,4.94,108853.92,-0.1,-1.95,5.194,5.194,5.372999999999999,111895.07,111959.84,174400.39,1.27
236,2019-10-18,5.25,5.31,5.13,5.13,119392.25,-0.12,-2.29,5.26,5.202999999999999,5.409,117218.95,110811.89,181152.74,1.39
237,2019-10-17,5.22,5.28,5.25,5.2,71311.79,0.0,0.0,5.272,5.218999999999999,5.437,120849.27,109642.04,182418.35,0.83
238,2019-10-16,5.3,5.4,5.25,5.22,89304.97,-0.06,-1.13,5.257999999999999,5.218,5.457000000000001,132840.23,122946.93,188213.17,1.04
239,2019-10-15,5.31,5.38,5.31,5.18,170612.42,-0.05,-0.93,5.236000000000001,5.249,5.482,131233.32,140697.69,197795.04,1.99
240,2019-10-14,5.25,5.37,5.36,5.22,135473.34,0.17,3.28,5.194,5.3020000000000005,5.5089999999999995,112024.61,151240.69,208574.56,1.58
241,2019-10-11,5.16,5.24,5.19,5.1,137543.83,0.01,0.19,5.146,5.3389999999999995,5.52,104404.82,170106.48,216053.27,1.61
242,2019-10-10,5.14,5.18,5.18,5.06,131266.59,0.04,0.78,5.166,5.399,5.5329999999999995,98434.81,207647.0,226266.52,1.53
243,2019-10-09,5.07,5.15,5.14,5.02,81270.42,0.04,0.78,5.178,5.449,5.541,113053.63,212308.25,230472.98,0.95
244,2019-10-08,5.15,5.19,5.1,5.08,74568.86,-0.02,-0.39,5.2620000000000005,5.497000000000001,5.5489999999999995,150162.05,221992.19,241471.79,0.87
245,2019-09-30,5.29,5.33,5.12,5.11,97374.38,-0.17,-3.21,5.41,5.551,5.553999999999999,190456.76,236840.94,247083.37,1.14
246,2019-09-27,5.26,5.33,5.29,5.23,107693.81,0.05,0.95,5.532,5.615,5.5520000000000005,235808.15,251493.59,254612.91,1.26
247,2019-09-26,5.6,5.6,5.24,5.21,204360.69,-0.32,-5.75,5.632000000000001,5.654,5.544,316859.18,255194.66,257267.42,2.39
248,2019-09-25,5.8,5.8,5.56,5.56,266812.53,-0.28,-4.79,5.72,5.696000000000001,5.542999999999999,311562.87,253479.41,253437.96,3.11
249,2019-09-24,5.71,5.88,5.84,5.69,276042.41,0.11,1.92,5.732,5.7139999999999995,5.524,293822.32,254892.39,248377.71,3.22
250,2019-09-23,5.79,5.86,5.73,5.59,324131.31,-0.06,-1.04,5.692,5.715,5.485,283225.11,265908.43,241097.08,3.78
251,2019-09-20,5.7,6.13,5.79,5.69,512948.97,0.11,1.94,5.6979999999999995,5.7,5.456,267179.02,262000.05,230331.1,5.99
252,2019-09-19,5.62,5.69,5.68,5.54,177879.12,0.06,1.07,5.676,5.667000000000001,5.426,193530.14,244886.04,211075.95,2.08
253,2019-09-18,5.64,5.68,5.62,5.53,178109.81,-0.02,-0.35,5.672000000000001,5.632999999999999,5.402,195395.95,248637.72,207633.75,2.08
254,2019-09-17,5.78,5.84,5.64,5.53,223056.36,-0.12,-2.08,5.696000000000001,5.601,5.381,215962.45,260951.38,208680.86,2.6
255,2019-09-16,5.68,5.84,5.76,5.67,243900.84,0.08,1.41,5.7379999999999995,5.557,5.358,248591.75,257325.8,208805.74,2.85
256,2019-09-12,5.7,5.71,5.68,5.63,144704.55,0.02,0.35,5.702000000000001,5.4879999999999995,5.318,256821.08,257732.24,203742.29,1.69
257,2019-09-11,5.74,5.76,5.66,5.65,187208.2,-0.08,-1.39,5.6579999999999995,5.434,5.28,296241.94,259340.18,204880.28,2.18
258,2019-09-10,5.82,5.83,5.74,5.67,280942.28,-0.11,-1.88,5.593999999999999,5.39,5.2410000000000005,301879.49,253396.51,201907.17,3.28
259,2019-09-09,5.65,5.85,5.85,5.58,386202.88,0.27,4.84,5.506,5.332999999999999,5.199,305940.32,241863.03,195052.06,4.51
260,2019-09-06,5.47,5.72,5.58,5.45,285047.47,0.12,2.2,5.376,5.255,5.149,266059.85,216285.74,180404.62,3.33
261,2019-09-05,5.37,5.62,5.46,5.33,341808.88,0.12,2.25,5.274,5.211,5.107,258643.41,198662.15,172387.3,3.99
262,2019-09-04,5.28,5.4,5.34,5.26,215395.92,0.04,0.76,5.21,5.184,5.073,222438.41,177265.86,159976.76,2.51
263,2019-09-03,5.18,5.44,5.3,5.17,301246.44,0.1,1.92,5.186,5.17,5.043,204913.52,166629.77,158347.06,3.52
264,2019-09-02,5.03,5.23,5.2,5.02,186800.52,0.13,2.56,5.16,5.1610000000000005,5.025,177785.73,156410.34,154148.83,2.18
265,2019-08-30,5.19,5.29,5.07,5.01,247965.3,-0.07,-1.36,5.1339999999999995,5.159,5.012,166511.62,160285.68,151765.47,2.89
266,2019-08-29,5.19,5.23,5.14,5.11,160783.89,-0.08,-1.53,5.148,5.147,5.007,138680.88,149752.34,148935.8,1.88
267,2019-08-28,5.2,5.24,5.22,5.14,127771.47,0.05,0.97,5.1579999999999995,5.126,5.01,132093.3,150420.38,145803.17,1.49
268,2019-08-27,5.08,5.23,5.17,5.08,165607.48,0.1,1.97,5.154,5.092,5.012,128346.02,150417.84,143855.29,1.93
269,2019-08-26,5.03,5.09,5.07,5.0,130429.98,-0.07,-1.36,5.162000000000001,5.065,5.021,135034.95,148241.1,140459.19,1.52
270,2019-08-23,5.22,5.24,5.14,5.09,108811.58,-0.05,-0.96,5.184,5.042,5.034,154059.74,144523.5,138054.55,1.27
271,2019-08-22,5.2,5.28,5.19,5.15,127845.98,-0.01,-0.19,5.146,5.002,5.044,160823.79,146112.46,136784.56,1.49
272,2019-08-21,5.21,5.27,5.2,5.16,109035.09,-0.01,-0.19,5.093999999999999,4.961,5.053999999999999,168747.46,142687.67,136149.6,1.27
273,2019-08-20,5.21,5.35,5.21,5.18,199052.12,0.03,0.58,5.03,4.916,5.066,172489.65,150064.35,138813.71,2.32
274,2019-08-19,4.99,5.22,5.18,4.96,225553.92,0.23,4.65,4.968,4.888999999999999,5.073,161447.24,151887.33,135991.46,2.63
275,2019-08-16,4.92,5.0,4.95,4.91,142631.86,0.02,0.41,4.9,4.865,5.071000000000001,134987.27,143245.26,133555.59,1.66
276,2019-08-15,4.74,4.97,4.93,4.69,167464.31,0.05,1.02,4.8580000000000005,4.867,5.096,131401.12,148119.26,131409.03,1.95
277,2019-08-14,4.98,5.0,4.88,4.85,127746.06,-0.02,-0.41,4.828,4.894,5.118,116627.88,141185.96,129235.44,1.49
278,2019-08-13,4.79,4.96,4.9,4.76,143840.05,0.06,1.24,4.802,4.9319999999999995,5.151,127639.05,137292.75,129665.11,1.68
279,2019-08-12,4.76,4.85,4.84,4.68,93254.06,0.1,2.11,4.81,4.976,5.183,142327.41,132677.29,131623.15,1.09
280,2019-08-09,4.83,4.87,4.74,4.69,124701.13,-0.04,-0.84,4.83,5.025,5.216,151503.25,131585.59,137532.11,1.46
281,2019-08-08,4.78,4.85,4.78,4.75,93598.1,0.03,0.63,4.876,5.085,5.245,164837.39,127456.67,143377.39,1.09
282,2019-08-07,4.94,4.95,4.75,4.75,182801.92,-0.19,-3.85,4.96,5.146,5.266,165744.03,129611.54,160242.96,2.13
283,2019-08-06,4.89,4.97,4.94,4.57,217281.84,0.0,0.0,5.062,5.215,5.317,146946.44,127563.06,155236.34,2.54
284,2019-08-05,4.98,5.1,4.94,4.93,139133.27,-0.03,-0.6,5.142,5.256,5.358,123027.18,120095.6,148580.15,1.62
285,2019-08-02,5.11,5.11,4.97,4.83,191371.84,-0.23,-4.42,5.22,5.277,5.398,111667.93,123865.93,149689.88,2.23
286,2019-08-01,5.23,5.25,5.2,5.14,98131.3,-0.06,-1.14,5.294,5.325,5.4479999999999995,90075.94,114698.79,153262.23,1.15
287,2019-07-31,5.31,5.33,5.26,5.23,88813.94,-0.08,-1.5,5.332000000000001,5.3420000000000005,5.474,93479.04,117284.92,154571.69,1.04
288,2019-07-30,5.36,5.44,5.34,5.31,97685.53,0.01,0.19,5.367999999999999,5.37,5.502000000000001,108179.68,122037.47,157111.92,1.14
289,2019-07-29,5.39,5.39,5.33,5.25,82337.04,-0.01,-0.19,5.37,5.388999999999999,5.535,117164.03,130569.02,158640.34,0.96
290,2019-07-26,5.39,5.42,5.34,5.31,83411.89,-0.05,-0.93,5.334,5.406000000000001,5.572,136063.93,143478.62,164743.95,0.97
291,2019-07-25,5.48,5.49,5.39,5.35,115146.79,-0.05,-0.92,5.356,5.405,5.599,139321.64,159298.12,171632.33,1.34
292,2019-07-24,5.37,5.52,5.44,5.37,162317.16,0.09,1.68,5.352,5.386,5.635,141090.81,190874.38,172517.28,1.89
293,2019-07-23,5.19,5.39,5.35,5.15,142607.27,0.2,3.88,5.372000000000001,5.417999999999999,5.667000000000001,135895.27,182909.62,170026.77,1.66
294,2019-07-22,5.5,5.52,5.15,5.14,176836.52,-0.3,-5.5,5.4079999999999995,5.459,5.707000000000001,143974.0,177064.7,174671.26,2.06
295,2019-07-19,5.41,5.49,5.45,5.37,99700.48,0.08,1.49,5.478,5.519,5.76,150893.32,175513.82,175989.75,1.16
296,2019-07-18,5.51,5.51,5.37,5.34,123992.62,-0.17,-3.07,5.454,5.571000000000001,5.803999999999999,179274.6,191825.67,185701.76,1.45
297,2019-07-17,5.56,5.61,5.54,5.51,136339.44,0.01,0.18,5.42,5.606,5.847,240657.95,191858.46,193285.35,1.59
298,2019-07-16,5.48,5.67,5.53,5.48,183000.95,0.03,0.55,5.4639999999999995,5.632999999999999,5.88,229923.98,192186.37,196858.16,2.14
299,2019-07-15,5.39,5.53,5.5,5.31,211433.09,0.17,3.19,5.51,5.68,5.912000000000001,210155.39,186711.67,192986.53,2.47
300,2019-07-12,5.18,5.41,5.33,5.16,241606.88,0.13,2.5,5.56,5.737,5.95,200134.33,186009.27,189148.24,2.82
301,2019-07-11,5.77,5.82,5.2,5.18,430909.38,-0.56,-9.72,5.688,5.792000000000001,5.997000000000001,204376.74,183966.53,188415.6,5.03
302,2019-07-10,5.79,5.87,5.76,5.72,82669.6,0.0,0.0,5.792000000000001,5.882999999999999,6.063,143058.96,154160.18,181623.58,0.96
303,2019-07-09,5.82,5.82,5.76,5.71,84158.01,0.01,0.17,5.8020000000000005,5.916,6.099,154448.76,157143.92,193608.88,0.98
304,2019-07-08,5.92,5.95,5.75,5.73,161327.78,-0.22,-3.69,5.85,5.954,6.132999999999999,163267.94,172277.82,205459.66,1.88
305,2019-07-05,5.79,6.05,5.97,5.76,262818.91,0.25,4.37,5.914,6.001,6.156000000000001,171884.21,176465.69,206677.54,3.07
306,2019-07-04,5.84,5.86,5.72,5.7,124320.52,-0.09,-1.55,5.896,6.0360000000000005,6.1610000000000005,163556.33,179577.85,205954.94,1.45
307,2019-07-03,6.02,6.02,5.81,5.81,139618.59,-0.19,-3.17,5.974,6.087999999999999,6.191,165261.39,194712.24,215525.33,1.63
308,2019-07-02,6.1,6.11,6.0,5.98,128253.92,-0.07,-1.15,6.03,6.126,6.209,159839.07,201529.94,224821.91,1.5
309,2019-07-01,6.01,6.09,6.07,5.99,204409.12,0.19,3.23,6.058,6.144,6.23,181287.7,199261.4,239326.78,2.39
310,2019-06-28,6.11,6.11,5.88,5.73,221179.48,-0.23,-3.76,6.087999999999999,6.162999999999999,6.242999999999999,181047.16,192287.21,242866.58,2.58
311,2019-06-27,6.11,6.21,6.11,6.1,132845.83,0.02,0.33,6.176,6.2010000000000005,6.265,195599.37,192864.66,246336.17,1.55
312,2019-06-26,6.12,6.18,6.09,6.05,112507.0,-0.05,-0.81,6.202000000000001,6.242000000000001,6.287000000000001,224163.09,209086.98,256831.01,1.31
313,2019-06-25,6.22,6.23,6.14,6.04,235497.05,-0.08,-1.29,6.222,6.282,6.311,243220.81,230073.85,274056.69,2.75
314,2019-06-24,6.36,6.37,6.22,6.17,203206.44,-0.1,-1.58,6.23,6.311,6.327000000000001,217235.1,238641.51,278576.12,2.37
315,2019-06-21,6.26,6.43,6.32,6.24,293940.53,0.08,1.28,6.2379999999999995,6.31,6.325,203527.25,236889.4,278029.19,3.43
316,2019-06-20,6.2,6.29,6.24,6.05,275664.41,0.05,0.81,6.226,6.285,6.324,190129.96,232332.04,280742.05,3.22
317,2019-06-19,6.35,6.39,6.19,6.19,207795.62,0.01,0.16,6.282,6.294,6.343999999999999,194010.88,236338.43,289785.94,2.43
318,2019-06-18,6.24,6.26,6.18,6.11,105568.5,-0.08,-1.28,6.3420000000000005,6.292000000000001,6.358,216926.88,248113.88,293843.34,1.23
319,2019-06-17,6.26,6.28,6.26,6.12,134667.2,0.0,0.0,6.392,6.315,6.367999999999999,260047.91,279392.15,303556.89,1.57
320,2019-06-14,6.5,6.55,6.26,6.24,226954.05,-0.26,-3.99,6.382000000000001,6.3229999999999995,6.367999999999999,270251.55,293445.96,316627.11,2.65
321,2019-06-13,6.45,6.58,6.52,6.37,295069.03,0.03,0.46,6.343999999999999,6.327999999999999,6.388,274534.12,299807.67,328713.81,3.44
322,2019-06-12,6.43,6.56,6.49,6.34,322375.62,0.06,0.93,6.306,6.331,6.3870000000000005,278665.98,304575.03,336805.01,3.76
323,2019-06-11,6.22,6.44,6.43,6.12,321173.66,0.22,3.54,6.242000000000001,6.34,6.381,279300.89,318039.54,342366.57,3.75
324,2019-06-10,6.11,6.28,6.21,6.09,185685.38,0.14,2.31,6.2379999999999995,6.343,6.367000000000001,298736.39,318510.72,341215.72,2.17
325,2019-06-06,6.33,6.33,6.07,6.03,248366.92,-0.26,-4.11,6.263999999999999,6.3389999999999995,6.364,316640.37,319168.98,353409.03,2.9
326,2019-06-05,6.25,6.55,6.33,6.13,315728.31,0.16,2.59,6.312,6.3629999999999995,6.353,325081.23,329152.06,352003.99,3.68
327,2019-06-04,6.39,6.52,6.17,6.11,325550.16,-0.24,-3.74,6.356,6.394,6.336,330484.08,343233.45,352503.6,3.8
328,2019-06-03,6.39,6.61,6.41,6.09,418351.19,0.07,1.1,6.438,6.422999999999999,6.325,356778.2,339572.8,352790.24,4.88
329,2019-05-31,6.29,6.52,6.34,6.24,275205.28,0.03,0.47,6.4479999999999995,6.421,6.297999999999999,338285.06,327721.62,351348.04,3.21
330,2019-05-30,6.56,6.58,6.31,6.13,290571.19,-0.24,-3.66,6.414,6.412999999999999,6.307,321697.59,339808.27,362060.1,3.39
331,2019-05-29,6.48,6.66,6.55,6.45,342742.59,-0.03,-0.46,6.414,6.447,6.347,333222.9,357619.94,377912.32,4.0
332,2019-05-28,6.5,6.75,6.58,6.5,457020.75,0.12,1.86,6.432,6.443,6.415,355982.81,369035.0,396823.55,5.33
333,2019-05-27,6.23,6.53,6.46,6.17,325885.47,0.29,4.7,6.4079999999999995,6.421,6.461,322367.39,366693.61,406750.08,3.8
334,2019-05-24,6.23,6.34,6.17,6.07,192267.95,-0.14,-2.22,6.394,6.39,6.53,317158.18,363920.72,412267.44,2.24
335,2019-05-23,6.61,6.63,6.31,6.2,348197.72,-0.33,-4.97,6.412000000000001,6.388,6.611000000000001,357918.94,387649.08,436352.07,4.06
336,2019-05-22,6.47,6.75,6.64,6.43,456542.16,0.18,2.79,6.48,6.3420000000000005,6.707999999999999,382016.98,374855.92,453933.48,5.33
337,2019-05-21,6.35,6.57,6.46,6.29,288943.66,0.07,1.09,6.454,6.277,6.7989999999999995,382087.18,361773.75,479815.81,3.37
338,2019-05-20,6.33,6.47,6.39,6.12,299839.41,0.13,2.08,6.434,6.227,6.874,411019.82,366007.68,497226.65,3.5
339,2019-05-17,6.58,6.77,6.26,6.14,396071.75,-0.39,-5.87,6.386,6.175,6.962000000000001,410683.25,374974.45,527247.44,4.62
340,2019-05-16,6.46,6.74,6.65,6.33,468687.91,0.14,2.15,6.364,6.2010000000000005,7.058,417379.21,384311.93,549672.6,5.47
341,2019-05-15,6.33,6.64,6.51,6.28,456893.19,0.15,2.36,6.204,6.247000000000001,7.103,367694.87,398204.7,551631.01,5.33
342,2019-05-14,6.07,6.45,6.36,6.01,433606.84,0.21,3.42,6.1,6.386,7.15,341460.32,424612.1,553351.66,5.06
343,2019-05-13,6.0,6.3,6.15,5.98,298156.56,0.0,0.0,6.02,6.5,7.218,320995.53,446806.54,562821.03,3.48
344,2019-05-10,6.0,6.2,6.15,5.68,429551.56,0.3,5.13,5.9639999999999995,6.67,7.319,339265.66,460614.17,599147.92,5.01
345,2019-05-09,5.85,6.05,5.85,5.83,220266.19,-0.14,-2.34,6.037999999999999,6.834,7.407,351244.64,485055.07,622512.46,2.57
346,2019-05-08,5.77,6.12,5.99,5.7,325720.44,0.03,0.5,6.29,7.0729999999999995,7.484,428714.53,533011.03,639287.55,3.8
347,2019-05-07,5.95,6.04,5.96,5.86,331282.91,0.09,1.53,6.672000000000001,7.321000000000001,7.567,507763.88,597857.87,650473.69,3.87
348,2019-05-06,6.1,6.26,5.87,5.87,389507.19,-0.65,-9.97,6.98,7.52,7.659,572617.56,628445.62,680868.95,4.55
349,2019-04-30,6.9,6.93,6.52,6.43,489446.47,-0.59,-8.3,7.376,7.749,7.7379999999999995,581962.69,679520.42,714621.32,5.71
350,2019-04-29,7.87,7.87,7.11,7.11,607615.62,-0.79,-10.0,7.63,7.915,7.792000000000001,618865.5,715033.27,722382.33,7.09
351,2019-04-26,7.47,8.16,7.9,7.33,720967.19,0.4,5.33,7.856,7.959,7.781000000000001,637307.54,705057.32,711136.98,8.41
352,2019-04-25,7.78,8.16,7.5,7.5,655551.31,-0.35,-4.46,7.97,7.912999999999999,7.724,687951.87,682091.22,694845.15,7.65
353,2019-04-24,7.7,7.9,7.85,7.47,436232.84,0.06,0.77,8.06,7.936,7.682,684273.68,678835.51,678243.0,5.09
354,2019-04-23,8.1,8.16,7.79,7.63,673960.56,-0.45,-5.46,8.122,7.968,7.629,777078.16,737681.66,676070.45,7.87
355,2019-04-22,8.37,8.58,8.24,8.08,699825.81,-0.23,-2.71,8.2,7.979,7.593,811201.03,759969.84,665913.6,8.17
356,2019-04-19,7.98,8.55,8.47,7.85,974188.81,0.52,6.54,8.062000000000001,7.894,7.547999999999999,772807.1,745564.06,665769.39,11.37
357,2019-04-18,8.32,8.39,7.95,7.9,637160.38,-0.21,-2.57,7.856,7.812,7.477,676230.57,703089.51,649753.11,7.44
358,2019-04-17,8.08,8.49,8.16,8.05,900255.25,-0.02,-0.24,7.812,7.797999999999999,7.422000000000001,673397.33,733292.27,639496.07,10.51
359,2019-04-16,7.57,8.25,8.18,7.56,844574.88,0.63,8.34,7.814,7.727,7.367000000000001,698285.16,749722.21,632279.42,9.86
360,2019-04-15,7.57,7.95,7.55,7.46,507856.19,0.11,1.48,7.757999999999999,7.667999999999999,7.292999999999999,708738.66,729731.4,609348.77,5.93
361,2019-04-12,7.34,7.56,7.44,7.25,491306.16,-0.29,-3.75,7.726,7.603,7.2410000000000005,718321.02,717216.65,604109.64,5.73
362,2019-04-11,8.0,8.1,7.73,7.73,622994.19,-0.44,-5.39,7.768,7.535,7.192,729948.44,707599.08,605283.76,7.27
363,2019-04-10,7.84,8.47,8.17,7.74,1024694.38,0.27,3.42,7.784,7.4270000000000005,7.147,793187.21,677650.5,613760.58,11.96
364,2019-04-09,7.4,8.1,7.9,7.27,896842.38,0.51,6.9,7.64,7.289,7.106,801159.26,614459.23,603806.06,10.47
365,2019-04-08,7.65,7.69,7.39,7.21,555768.0,-0.26,-3.4,7.577999999999999,7.207000000000001,7.075,750724.15,571857.35,598211.6,6.49
366,2019-04-04,7.81,7.94,7.65,7.55,549443.25,-0.16,-2.05,7.48,7.202000000000001,7.063,716112.27,585974.71,635359.56,6.41
367,2019-04-03,7.45,8.2,7.81,7.45,939188.06,0.36,4.83,7.3020000000000005,7.141,7.077999999999999,685249.73,596416.71,696392.53,10.96
368,2019-04-02,7.83,8.09,7.45,7.44,1064554.62,-0.14,-1.84,7.07,7.046,7.047999999999999,562113.78,545699.86,696374.0,12.42
369,2019-04-01,7.0,7.59,7.59,6.93,644666.81,0.69,10.0,6.938,7.007000000000001,7.004,427759.2,514836.62,680872.67,7.52
370,2019-03-29,6.77,6.98,6.9,6.45,382708.62,0.14,2.07,6.836,6.917000000000001,6.922000000000001,392990.55,488966.13,688051.1,4.47
371,2019-03-28,6.59,7.18,6.76,6.56,395130.53,0.11,1.65,6.9239999999999995,6.877999999999999,6.876,455837.15,491002.62,703408.05,4.61
372,2019-03-27,6.83,6.86,6.65,6.42,323508.31,-0.14,-2.06,6.98,6.849,6.822,507583.69,502968.44,701099.23,3.78
373,2019-03-26,7.14,7.18,6.79,6.73,392781.75,-0.29,-4.1,7.022,6.8660000000000005,6.784,529285.94,549870.66,716178.6,4.58
374,2019-03-25,7.18,7.3,7.08,7.0,470823.56,-0.26,-3.54,7.0760000000000005,6.922000000000001,6.726,601914.04,593152.89,725721.2,5.5
375,2019-03-22,6.96,7.44,7.34,6.96,696941.62,0.3,4.26,6.997999999999999,6.943,6.662999999999999,584941.71,624565.85,733097.63,8.13
376,2019-03-21,6.89,7.32,7.04,6.89,653863.19,0.18,2.62,6.832000000000001,6.9239999999999995,6.577000000000001,526168.09,684744.41,721520.44,7.63
377,2019-03-20,7.0,7.0,6.86,6.66,432019.59,-0.2,-2.83,6.718,7.013999999999999,6.496,498353.2,796368.34,713177.69,5.04
378,2019-03-19,6.65,7.32,7.06,6.6,755922.25,0.37,5.53,6.71,7.05,6.421,570455.38,847048.15,703234.11,8.82
379,2019-03-18,6.55,6.69,6.69,6.38,385961.91,0.18,2.77,6.768,7.0,6.337999999999999,584391.73,846908.72,683500.49,4.5
380,2019-03-15,6.5,6.64,6.51,6.35,403073.53,0.04,0.62,6.888,6.9270000000000005,6.269,664189.99,887136.06,677894.0,4.7
381,2019-03-14,6.7,6.82,6.47,6.31,514788.72,-0.35,-5.13,7.016,6.872999999999999,6.2,843320.73,915813.49,667080.51,6.01
382,2019-03-13,7.35,7.36,6.82,6.65,792530.5,-0.53,-7.21,7.31,6.795,6.132000000000001,1094383.49,899230.02,651531.43,9.25
383,2019-03-12,7.3,7.46,7.35,7.17,825604.0,0.06,0.82,7.39,6.7010000000000005,6.05,1123640.91,882486.54,627789.46,9.64
384,2019-03-11,7.15,7.45,7.29,6.75,784953.19,0.14,1.96,7.232,6.529,5.936,1109425.7,858289.51,598825.12,9.16
385,2019-03-08,7.37,7.78,7.15,7.15,1298727.25,-0.79,-9.95,6.966,6.382000000000001,5.819,1110082.14,841629.41,570082.36,15.16
386,2019-03-07,7.8,7.94,7.94,7.41,1770102.5,0.72,9.97,6.73,6.229,5.6979999999999995,988306.24,758296.46,510045.94,20.66
387,2019-03-06,7.19,7.22,7.22,7.02,938817.62,0.66,10.06,6.28,5.977,5.534,704076.56,629987.03,431089.83,10.96
388,2019-03-05,6.03,6.56,6.56,5.95,754527.94,0.6,10.07,6.0120000000000005,5.791,5.417999999999999,641332.17,559420.06,393059.69,8.81
389,2019-03-04,6.08,6.35,5.96,5.88,788235.38,-0.01,-0.17,5.8260000000000005,5.676,5.337000000000001,607153.32,520092.26,364888.97,9.2
390,2019-03-01,5.72,6.13,5.97,5.64,689847.75,0.28,4.92,5.797999999999999,5.611000000000001,5.291,573176.68,468651.94,334995.88,8.05
391,2019-02-28,5.84,5.85,5.69,5.62,348954.09,-0.19,-3.23,5.728,5.527,5.252000000000001,528286.68,418347.54,314747.17,4.07
392,2019-02-27,5.63,5.98,5.88,5.62,625095.69,0.25,4.44,5.6739999999999995,5.468999999999999,5.2410000000000005,555897.5,403832.83,310849.95,7.3
393,2019-02-26,5.83,5.91,5.63,5.59,583633.69,-0.19,-3.27,5.57,5.399,5.2139999999999995,477507.96,373092.39,288671.23,6.81
394,2019-02-25,5.7,5.93,5.82,5.61,618352.19,0.2,3.56,5.526,5.3420000000000005,5.202000000000001,433031.2,339360.73,269386.79,7.22
395,2019-02-22,5.38,5.68,5.62,5.33,465397.75,0.2,3.69,5.4239999999999995,5.255,5.186,364127.2,298535.31,256939.28,5.43
396,2019-02-21,5.32,5.64,5.42,5.32,487008.16,0.06,1.12,5.3260000000000005,5.167000000000001,5.172000000000001,308408.39,261795.41,247444.84,5.68
397,2019-02-20,5.36,5.38,5.36,5.21,233148.0,-0.05,-0.92,5.263999999999999,5.09,5.172000000000001,251768.17,232192.63,236734.78,2.72
398,2019-02-19,5.34,5.47,5.41,5.22,361249.91,0.1,1.88,5.228,5.044,5.1770000000000005,268676.81,226699.31,240007.72,4.22
399,2019-02-18,5.13,5.32,5.31,5.13,273832.19,0.18,3.51,5.1579999999999995,4.998,5.185,245690.26,209685.69,243717.86,3.2
400,2019-02-15,5.17,5.21,5.13,5.1,186803.69,0.02,0.39,5.086,4.97,5.207000000000001,232943.41,201339.82,251963.38,2.18
401,2019-02-14,5.16,5.17,5.11,5.08,203807.05,-0.07,-1.35,5.008,4.976,5.234,215182.44,211146.81,275737.37,2.38
402,2019-02-13,5.06,5.22,5.18,5.02,317691.22,0.12,2.37,4.916,5.012,5.27,212617.09,217867.07,294193.23,3.71
403,2019-02-12,4.96,5.14,5.06,4.91,246317.16,0.11,2.22,4.86,5.029,5.301,184721.8,204250.08,321294.19,2.87
404,2019-02-11,4.75,4.99,4.95,4.74,210097.92,0.21,4.43,4.838,5.062,5.337999999999999,173681.11,199412.84,343845.14,2.45
405,2019-02-01,4.7,4.76,4.74,4.66,97998.84,0.09,1.94,4.854,5.117,5.38,169736.22,215343.25,380188.76,1.14
406,2019-01-31,4.9,4.9,4.65,4.62,190980.31,-0.25,-5.1,4.944,5.176,5.417000000000001,207111.17,233094.26,423418.51,2.23
407,2019-01-30,4.82,4.92,4.9,4.67,178214.78,-0.05,-1.01,5.1080000000000005,5.252999999999999,5.441,223117.06,241276.93,440253.27,2.08
408,2019-01-29,4.99,5.09,4.95,4.75,191113.69,-0.08,-1.59,5.1979999999999995,5.309,5.447,223778.36,253316.14,454419.86,2.23
409,2019-01-28,5.24,5.26,5.03,5.0,190373.5,-0.16,-3.08,5.2860000000000005,5.372000000000001,5.438,225144.57,277750.03,466721.44,2.22
410,2019-01-25,5.42,5.45,5.19,5.17,284873.59,-0.28,-5.12,5.38,5.443,5.436,260950.27,302586.95,488712.39,3.32
411,2019-01-24,5.35,5.55,5.47,5.33,271009.72,0.12,2.24,5.4079999999999995,5.4910000000000005,5.433,259077.35,340327.94,529597.61,3.16
412,2019-01-23,5.37,5.39,5.35,5.21,181521.28,-0.04,-0.74,5.398,5.528,5.403,259436.81,370519.38,537324.25,2.12
413,2019-01-22,5.49,5.53,5.39,5.34,197944.78,-0.11,-2.0,5.42,5.5729999999999995,5.377000000000001,282853.92,438338.29,543042.43,2.31
414,2019-01-21,5.33,5.58,5.5,5.33,369402.0,0.17,3.19,5.457999999999999,5.6129999999999995,5.337999999999999,330355.49,488277.45,540942.85,4.31
415,2019-01-18,5.43,5.5,5.33,5.26,275508.97,-0.09,-1.66,5.506,5.642,5.295,344223.63,545034.27,530431.99,3.22
416,2019-01-17,5.46,5.54,5.42,5.37,272807.03,-0.04,-0.73,5.574,5.6579999999999995,5.254,421578.54,613742.75,520938.44,3.18
417,2019-01-16,5.6,5.61,5.46,5.4,298606.81,-0.12,-2.15,5.6579999999999995,5.627999999999999,5.21,481601.95,639229.6,512695.97,3.49
418,2019-01-15,5.7,5.75,5.58,5.4,435452.62,-0.16,-2.79,5.726,5.585,5.167000000000001,593822.67,655523.58,503026.05,5.08
419,2019-01-14,5.67,5.85,5.74,5.64,438742.72,0.07,1.24,5.768,5.502999999999999,5.115,646199.41,655692.85,491876.32,5.12
420,2019-01-11,6.1,6.14,5.67,5.6,662283.5,-0.17,-2.91,5.778,5.428,5.0680000000000005,745844.91,674837.83,483897.59,7.73
421,2019-01-10,5.8,6.04,5.84,5.68,572924.12,0.04,0.69,5.742000000000001,5.374,5.018,805906.96,718867.28,464435.2,6.69
422,2019-01-09,5.69,6.21,5.8,5.65,859710.38,0.01,0.17,5.598,5.278,4.968,796857.25,704129.11,455503.06,10.03
423,2019-01-08,5.71,5.97,5.79,5.6,697336.31,0.0,0.0,5.444,5.181,4.905,717224.49,647746.57,416817.76,8.14
424,2019-01-07,5.41,6.03,5.79,5.36,936970.25,0.3,5.46,5.2379999999999995,5.062,4.843,665186.3,593608.26,387447.33,10.94
425,2019-01-04,4.94,5.63,5.49,4.91,962593.75,0.37,7.23,5.078,4.948,4.779,603830.75,515829.7,346829.04,11.23
426,2019-01-03,4.98,5.22,5.12,4.84,527675.56,0.09,1.79,5.006,4.85,4.737,631827.6,428134.14,307205.12,6.16
427,2019-01-02,4.8,5.07,5.03,4.76,461546.56,0.27,5.67,4.958,4.792,4.72,611400.98,386162.34,293946.99,5.39
428,2018-12-28,5.0,5.03,4.76,4.75,437145.38,-0.23,-4.61,4.918,4.749,4.705,578268.66,350528.52,282971.79,5.1
429,2018-12-27,5.06,5.17,4.99,4.97,630192.5,-0.14,-2.73,4.886,4.727,4.695,522030.22,328059.78,268998.88,7.35
430,2018-12-26,4.85,5.37,5.13,4.78,1102578.0,0.25,5.12,4.8180000000000005,4.707,4.667,427828.65,292957.35,248611.98,12.87
431,2018-12-25,4.73,4.91,4.88,4.57,425542.44,0.05,1.03,4.694,4.6610000000000005,4.647,224440.67,210003.13,207252.36,4.97
432,2018-12-24,4.6,4.83,4.83,4.55,295884.97,0.23,5.0,4.626,4.658,4.6339999999999995,160923.7,206877.01,197208.6,3.45
433,2018-12-21,4.6,4.74,4.6,4.5,155953.19,-0.05,-1.07,4.58,4.628,4.615,122788.39,185888.94,189503.39,1.86
434,2018-12-20,4.5,4.72,4.65,4.47,159184.66,0.14,3.1,4.5680000000000005,4.624,4.603,134089.34,181286.4,194691.25,1.9
435,2018-12-19,4.58,4.62,4.51,4.49,85638.09,-0.03,-0.66,4.596,4.609,4.604,158086.04,177828.38,196235.02,1.02
436,2018-12-18,4.57,4.63,4.54,4.44,107957.58,-0.06,-1.3,4.628,4.623,4.617,195565.58,186276.11,203368.74,1.29
437,2018-12-17,4.48,4.63,4.6,4.48,105208.43,0.06,1.32,4.69,4.648,4.622,252830.32,201731.64,216491.12,1.26
438,2018-12-14,4.72,4.76,4.54,4.53,212457.92,-0.25,-5.22,4.676,4.6610000000000005,4.6419999999999995,248989.5,215415.06,240877.21,2.54
439,2018-12-13,4.71,4.85,4.79,4.69,279168.19,0.12,2.57,4.68,4.663,4.677,228483.46,209937.98,265726.51,3.33
440,2018-12-12,4.85,4.91,4.67,4.65,273035.78,-0.18,-3.71,4.622,4.626,4.676,197570.71,204266.61,276788.77,3.26
441,2018-12-11,4.53,4.94,4.85,4.53,394281.28,0.32,7.06,4.618,4.633,4.678,176986.64,204501.59,291240.05,4.71
442,2018-12-10,4.49,4.62,4.53,4.47,86004.32,-0.03,-0.66,4.606,4.609,4.658,150632.96,187540.19,292837.75,1.03
443,2018-12-07,4.51,4.67,4.56,4.51,109927.75,0.06,1.33,4.646,4.602,4.648,181840.62,193117.83,303106.77,1.31
444,2018-12-06,4.63,4.7,4.5,4.46,124604.43,-0.15,-3.23,4.646,4.581,4.625,191392.5,208096.1,302937.06,1.49
445,2018-12-05,4.64,4.71,4.65,4.57,170115.44,-0.14,-2.92,4.63,4.599,4.605,210962.5,214641.66,302429.86,2.03
446,2018-12-04,4.75,4.86,4.79,4.72,262512.88,0.06,1.27,4.648,4.61,4.579,232016.53,220461.37,304663.45,3.13
447,2018-12-03,4.69,4.79,4.73,4.63,242042.59,0.17,3.73,4.612,4.596,4.555,224447.41,231250.6,310264.22,2.89
448,2018-11-30,4.39,4.59,4.56,4.35,157687.17,0.14,3.17,4.558,4.623,4.522,204395.04,266339.37,307296.85,1.88
449,2018-11-29,4.75,4.78,4.42,4.39,222454.41,-0.32,-6.75,4.516,4.691,4.489,224799.7,321515.03,303778.78,2.66
450,2018-11-28,4.6,4.86,4.74,4.49,275385.59,0.13,2.82,4.5680000000000005,4.725,4.459,218320.82,349310.94,297592.74,3.3
451,2018-11-27,4.5,4.68,4.61,4.47,224667.28,0.15,3.36,4.572,4.7219999999999995,4.41,208906.22,377978.52,286492.22,2.69
452,2018-11-26,4.4,4.5,4.46,4.36,141780.73,0.11,2.53,4.58,4.706,4.3660000000000005,238053.79,398135.31,277912.38,1.7
453,2018-11-23,4.68,4.7,4.35,4.32,259710.5,-0.33,-7.05,4.688,4.694,4.328,328283.7,413095.72,272640.97,3.11
454,2018-11-22,4.74,4.83,4.68,4.67,190060.0,-0.08,-1.68,4.8660000000000005,4.669,4.296,418230.37,397778.01,262670.62,2.28
455,2018-11-21,4.63,4.8,4.76,4.6,228312.59,0.11,2.37,4.882,4.61,4.246,480301.05,390218.06,255801.15,2.73
456,2018-11-20,4.9,4.9,4.65,4.63,370405.12,-0.35,-7.0,4.872,4.547,4.192,547050.82,388865.53,247046.18,4.43
457,2018-11-19,5.24,5.24,5.0,4.93,592930.31,-0.24,-4.58,4.832,4.513,4.143,558216.84,389277.85,231586.36,7.1
458,2018-11-16,4.77,5.24,5.24,4.63,709443.81,0.48,10.08,4.7,4.42,4.077,497907.74,348254.34,207126.17,8.49
459,2018-11-15,4.6,4.86,4.76,4.55,500413.44,0.05,1.06,4.4719999999999995,4.2860000000000005,3.991,377325.65,286042.52,174946.69,5.99
460,2018-11-14,4.5,4.89,4.71,4.32,562061.44,0.26,5.84,4.338,4.192,3.9219999999999997,300135.06,245874.55,152858.57,6.73
461,2018-11-13,4.25,4.63,4.45,4.21,426235.19,0.11,2.54,4.2219999999999995,4.0969999999999995,3.864,230680.24,195005.92,127570.63,5.1
462,2018-11-12,4.11,4.45,4.34,4.09,291384.81,0.24,5.85,4.194,4.025,3.813,220338.86,157689.45,109609.31,3.49
463,2018-11-09,4.06,4.17,4.1,4.01,106533.37,0.01,0.24,4.14,3.9619999999999997,3.773,198600.94,132186.22,98015.81,1.28
464,2018-11-08,4.15,4.19,4.09,4.09,114460.47,-0.04,-0.97,4.1,3.923,3.747,194759.39,127563.22,99237.85,1.37
465,2018-11-07,4.21,4.24,4.13,4.1,214787.36,-0.18,-4.18,4.046,3.8819999999999997,3.734,191614.04,121384.25,100116.33,2.57
466,2018-11-06,4.09,4.46,4.31,4.0,374528.28,0.24,5.9,3.972,3.8360000000000003,3.74,159331.59,105226.83,91186.97,4.48
467,2018-11-05,3.93,4.09,4.07,3.9,182695.2,0.17,4.36,3.8560000000000003,3.772,3.737,95040.04,73894.86,74543.24,2.19
468,2018-11-02,3.85,3.91,3.9,3.83,87325.62,0.08,2.09,3.784,3.734,3.748,65771.5,65998.0,68025.73,1.05
469,2018-11-01,3.89,3.93,3.82,3.8,98733.76,0.06,1.6,3.7460000000000004,3.695,3.7760000000000002,60367.06,63850.86,65958.1,1.18
470,2018-10-31,3.74,3.79,3.76,3.71,53375.1,0.03,0.8,3.718,3.6519999999999997,3.807,51154.45,59842.58,63873.25,0.64
471,2018-10-30,3.72,3.76,3.73,3.61,53070.5,0.02,0.54,3.7,3.63,3.846,51122.07,60135.34,65195.55,0.64
472,2018-10-29,3.67,3.74,3.71,3.64,36352.5,0.0,0.0,3.688,3.6010000000000004,3.885,52749.69,61529.18,64611.52,0.44
473,2018-10-26,3.71,3.79,3.71,3.67,60303.43,0.03,0.81,3.6839999999999997,3.583,3.927,66224.51,63845.41,66031.61,0.73
474,2018-10-25,3.54,3.68,3.68,3.52,52670.74,0.01,0.27,3.6439999999999997,3.571,3.966,67334.65,70912.49,65225.91,0.64
475,2018-10-24,3.64,3.7,3.67,3.6,53213.2,0.0,0.0,3.5860000000000003,3.5860000000000003,4.0089999999999995,68530.71,78848.41,66298.31,0.64
476,2018-10-23,3.7,3.74,3.67,3.62,61208.57,-0.02,-0.54,3.56,3.6439999999999997,4.0489999999999995,69148.61,77147.11,65547.81,0.74
477,2018-10-22,3.56,3.77,3.69,3.53,103726.62,0.18,5.13,3.514,3.702,4.085,70308.67,75191.62,64655.5,1.25
478,2018-10-19,3.3,3.52,3.51,3.22,65854.13,0.12,3.54,3.4819999999999998,3.762,4.124,61466.3,70053.46,61584.18,0.8
479,2018-10-18,3.51,3.52,3.39,3.33,58651.04,-0.15,-4.24,3.498,3.8560000000000003,4.173,74490.32,68065.34,60306.13,0.71
480,2018-10-17,3.5,3.55,3.54,3.41,56302.71,0.1,2.91,3.5860000000000003,3.9610000000000003,4.225,89166.11,67903.92,59059.61,0.68
481,2018-10-16,3.55,3.59,3.44,3.42,67008.86,-0.09,-2.55,3.728,4.061,4.27,85145.61,70255.75,58147.17,0.81
482,2018-10-15,3.62,3.68,3.53,3.5,59514.77,-0.06,-1.67,3.89,4.168,4.319,80074.56,67693.85,57639.83,0.72
483,2018-10-12,3.8,3.83,3.59,3.45,130974.22,-0.24,-6.27,4.042,4.27,4.371,78640.61,68217.81,57809.1,1.58
484,2018-10-11,4.01,4.11,3.83,3.83,132029.98,-0.42,-9.88,4.2139999999999995,4.361000000000001,4.422,61640.35,59539.33,54283.61,1.6
485,2018-10-10,4.26,4.31,4.25,4.22,36200.22,0.0,0.0,4.336,4.431,4.46,46641.72,53748.22,50826.69,0.44
486,2018-10-09,4.32,4.36,4.25,4.2,41653.62,-0.04,-0.93,4.394,4.453,4.478,55365.88,53948.51,51556.96,0.5
487,2018-10-08,4.43,4.43,4.29,4.28,52345.0,-0.16,-3.6,4.446000000000001,4.467,4.494,55313.15,54119.38,52740.8,0.63
488,2018-09-28,4.44,4.49,4.45,4.41,45972.94,0.01,0.23,4.498,4.485,4.51,57795.01,53114.9,52520.75,0.56
489,2018-09-27,4.53,4.57,4.44,4.44,57036.84,-0.1,-2.2,4.508,4.49,4.52,57438.32,52546.91,53907.3,0.69
490,2018-09-26,4.53,4.61,4.54,4.52,79821.02,0.03,0.67,4.526,4.489,4.535,60854.71,50215.29,54411.81,0.96
491,2018-09-25,4.53,4.54,4.51,4.49,41389.93,-0.04,-0.88,4.512,4.478,4.548,52531.14,46038.59,55733.97,0.5
492,2018-09-21,4.49,4.56,4.55,4.48,64754.33,0.05,1.11,4.488,4.47,4.56,52925.62,47585.8,58536.08,0.78
493,2018-09-20,4.51,4.53,4.5,4.46,44189.46,-0.03,-0.66,4.4719999999999995,4.471,4.564,48434.79,47400.4,58108.3,0.53
494,2018-09-19,4.45,4.53,4.53,4.39,74118.8,0.06,1.34,4.4719999999999995,4.4830000000000005,4.577,47655.51,49027.88,59346.3,0.9
495,2018-09-18,4.38,4.47,4.47,4.34,38203.16,0.08,1.82,4.452,4.488,4.582,39575.88,47905.17,58053.07,0.46
496,2018-09-17,4.49,4.49,4.39,4.37,43362.34,-0.08,-1.79,4.444,4.503,4.595,39546.05,49165.42,60045.16,0.52
497,2018-09-14,4.51,4.54,4.47,4.46,42300.2,-0.03,-0.67,4.452,4.52,4.61,42245.99,51362.22,61299.71,0.51
498,2018-09-13,4.46,4.52,4.5,4.45,40293.06,0.07,1.58,4.47,4.535,4.6160000000000005,46366.0,51926.59,62665.95,0.49
499,2018-09-12,4.43,4.48,4.43,4.41,33720.64,0.0,0.0,4.494,4.5489999999999995,4.625,50400.25,55267.69,65151.37,0.41
500,2018-09-11,4.44,4.49,4.43,4.4,38054.02,0.0,0.0,4.524,4.58,4.638,56234.45,58608.34,66590.44,0.46
501,2018-09-10,4.53,4.54,4.43,4.42,56862.02,-0.13,-2.85,4.562,4.617,4.656000000000001,58784.79,65429.35,68718.39,0.69
502,2018-09-07,4.61,4.68,4.56,4.5,62900.27,-0.06,-1.3,4.588,4.65,4.6739999999999995,60478.46,69486.36,71096.55,0.76
503,2018-09-06,4.54,4.69,4.62,4.53,60464.31,0.04,0.87,4.6,4.657,4.681,57487.17,68816.2,71193.3,0.73
504,2018-09-05,4.6,4.67,4.58,4.55,62891.64,-0.04,-0.87,4.604,4.67,4.6819999999999995,60135.13,69664.71,71913.66,0.76
505,2018-09-04,4.54,4.63,4.62,4.53,50805.69,0.06,1.32,4.636,4.676,4.678999999999999,60982.22,68200.97,71802.62,0.61
506,2018-09-03,4.59,4.63,4.56,4.46,65330.37,-0.06,-1.3,4.672,4.687,4.676,72073.92,70924.91,72455.34,0.79
507,2018-08-31,4.67,4.68,4.62,4.61,47943.86,-0.02,-0.43,4.712,4.7,4.669,78494.25,71237.19,72071.6,0.58
508,2018-08-30,4.78,4.81,4.64,4.62,73704.07,-0.1,-2.11,4.7139999999999995,4.696000000000001,4.663,80145.22,73405.32,72908.11,0.89
509,2018-08-29,4.83,4.83,4.74,4.71,67127.1,-0.06,-1.25,4.736000000000001,4.7010000000000005,4.663,79194.3,75035.05,75379.01,0.81
510,2018-08-28,4.75,4.87,4.8,4.74,106264.2,0.04,0.84,4.716,4.695,4.671,75419.73,74572.54,77464.01,1.28
511,2018-08-27,4.66,4.76,4.76,4.63,97432.04,0.13,2.81,4.702,4.694,4.675,69775.89,72007.43,74693.04,1.18
512,2018-08-24,4.7,4.73,4.63,4.63,56198.67,-0.12,-2.53,4.688,4.697,4.68,63980.12,72706.75,74296.56,0.68
513,2018-08-23,4.67,4.75,4.75,4.59,68949.47,0.11,2.37,4.678,4.704,4.698,66665.42,73570.4,76309.26,0.83
514,2018-08-22,4.74,4.74,4.64,4.64,48254.25,-0.09,-1.9,4.666,4.6930000000000005,4.713,70875.8,74162.61,76883.84,0.58
515,2018-08-21,4.65,4.78,4.73,4.65,78045.02,0.04,0.85,4.6739999999999995,4.681,4.73,73725.35,75404.27,79090.61,0.94
516,2018-08-20,4.51,4.7,4.69,4.49,68453.21,0.11,2.4,4.686,4.664,4.744,74238.97,73985.77,81620.48,0.83
517,2018-08-17,4.72,4.76,4.58,4.56,69625.14,-0.11,-2.35,4.706,4.638,4.756,81433.37,72906.01,82952.81,0.84
518,2018-08-16,4.63,4.8,4.69,4.52,90001.39,0.01,0.21,4.73,4.629,4.77,80475.37,72410.91,83615.26,1.09
519,2018-08-15,4.75,4.8,4.68,4.62,62502.0,-0.11,-2.3,4.72,4.625,4.774,77449.42,75722.98,82850.32,0.76
520,2018-08-14,4.75,4.85,4.79,4.72,80613.1,0.0,0.0,4.688,4.646,4.782,77083.19,80355.49,84476.22,0.97
521,2018-08-13,4.61,4.82,4.79,4.6,104425.22,0.09,1.92,4.6419999999999995,4.655,4.79,73732.57,77378.66,85936.99,1.26
522,2018-08-10,4.64,4.74,4.7,4.58,64835.15,0.06,1.29,4.57,4.663,4.796,64378.65,75886.37,86436.73,0.78
523,2018-08-09,4.49,4.71,4.64,4.48,74871.61,0.12,2.65,4.5280000000000005,4.692,4.803,64346.45,79048.12,86574.19,0.9
524,2018-08-08,4.56,4.63,4.52,4.48,60670.86,-0.04,-0.88,4.53,4.732,4.813,73996.53,79605.07,87785.98,0.73
525,2018-08-07,4.43,4.57,4.56,4.43,63860.01,0.13,2.94,4.604,4.7780000000000005,4.819,83627.78,82776.94,89297.34,0.77
526,2018-08-06,4.51,4.56,4.43,4.4,57655.6,-0.06,-1.34,4.668,4.823,4.836,81024.75,89255.2,89640.84,0.7
527,2018-08-03,4.65,4.68,4.49,4.46,64674.15,-0.16,-3.44,4.756,4.873,4.859,87394.1,92999.61,90881.37,0.78
528,2018-08-02,4.86,4.86,4.65,4.5,123122.05,-0.24,-4.91,4.856,4.9110000000000005,4.873,93749.8,94819.6,92752.73,1.49
529,2018-08-01,4.89,5.05,4.89,4.89,108827.11,0.01,0.2,4.934,4.923,4.875,85213.6,89977.66,91312.95,1.31
530,2018-07-31,4.87,4.92,4.88,4.84,50844.83,0.01,0.2,4.952,4.918,4.875,81926.1,88596.95,91098.09,0.61
531,2018-07-30,5.01,5.01,4.87,4.81,89502.36,-0.12,-2.4,4.978,4.9239999999999995,4.888,97485.65,94495.33,96297.48,1.08
532,2018-07-27,5.05,5.07,4.99,4.95,96452.66,-0.05,-0.99,4.99,4.928999999999999,4.901,98605.13,96987.08,101825.75,1.17
533,2018-07-26,5.0,5.05,5.04,4.97,80441.03,0.06,1.21,4.966,4.913,4.921,95889.4,94100.26,115146.39,0.97
534,2018-07-25,5.06,5.08,4.98,4.97,92389.62,-0.03,-0.6,4.912,4.893,4.928999999999999,94741.73,95966.88,115592.98,1.12
535,2018-07-24,4.95,5.05,5.01,4.88,128642.58,0.08,1.62,4.8839999999999995,4.859,4.916,95267.8,95817.74,113362.83,1.55
536,2018-07-23,4.85,4.95,4.93,4.82,95099.75,0.06,1.23,4.87,4.848,4.904,91505.0,90026.48,110459.56,1.15
537,2018-07-20,4.72,4.89,4.87,4.68,82874.04,0.1,2.1,4.868,4.843999999999999,4.886,95369.03,88763.13,108594.95,1.0
538,2018-07-19,4.81,4.87,4.77,4.69,74702.64,-0.07,-1.45,4.86,4.835,4.87,92311.12,90685.85,107107.45,0.9
539,2018-07-18,4.96,5.0,4.84,4.82,95019.98,-0.1,-2.02,4.874,4.827,4.852,97192.04,92648.24,107458.32,1.15
540,2018-07-17,4.88,4.99,4.94,4.84,109828.6,0.02,0.41,4.834,4.831,4.843,96367.69,93599.23,106696.48,1.33
541,2018-07-16,4.85,4.94,4.92,4.79,114419.87,0.09,1.86,4.8260000000000005,4.852,4.831,88547.96,98099.63,108109.17,1.38
542,2018-07-13,4.83,4.85,4.83,4.77,67584.52,-0.01,-0.21,4.82,4.873,4.846,82157.24,106664.42,106546.63,0.82
543,2018-07-12,4.64,4.89,4.84,4.64,99107.24,0.2,4.31,4.81,4.928,4.876,89060.58,136192.52,105662.91,1.2
544,2018-07-11,4.84,4.84,4.64,4.53,90898.2,-0.26,-5.31,4.78,4.9639999999999995,4.908,88104.43,135219.07,104391.37,1.1
545,2018-07-10,4.9,4.95,4.9,4.84,70729.98,0.01,0.2,4.828,4.973,4.96,90830.77,130907.91,105872.91,0.85
546,2018-07-09,4.79,4.9,4.89,4.77,82466.27,0.11,2.3,4.878,4.959,5.0,107651.3,130892.64,110312.79,1.0
547,2018-07-06,4.74,4.85,4.78,4.66,102101.23,0.09,1.92,4.926,4.927,5.032,131171.61,128426.77,111320.73,1.23
548,2018-07-05,4.88,4.98,4.69,4.69,94326.49,-0.19,-3.89,5.046,4.905,5.07,183324.45,123529.05,109561.31,1.14
549,2018-07-04,5.08,5.11,4.88,4.88,104529.89,-0.27,-5.24,5.148,4.877,5.113,182333.71,122268.39,109368.93,1.26
550,2018-07-03,5.13,5.18,5.15,4.89,154832.62,0.02,0.39,5.118,4.854,5.14,170985.05,119793.73,107506.78,1.87
551,2018-07-02,5.25,5.28,5.13,5.05,200067.8,-0.25,-4.65,5.04,4.809,5.146,154133.98,118118.71,102623.43,2.42
552,2018-06-29,5.29,5.47,5.38,5.1,362865.47,0.18,3.46,4.928,4.8180000000000005,5.149,125681.94,106428.83,96036.65,4.38
553,2018-06-28,5.2,5.2,5.2,5.2,89372.75,0.47,9.94,4.763999999999999,4.823,5.149,63733.64,75133.3,80641.08,1.08
554,2018-06-27,4.74,4.81,4.73,4.68,47786.63,-0.03,-0.63,4.606,4.851,5.152,62203.08,73563.66,82752.29,0.58
555,2018-06-26,4.52,4.76,4.76,4.5,70577.25,0.19,4.16,4.59,4.947,5.195,68602.4,80837.9,83954.51,0.85
556,2018-06-25,4.58,4.68,4.57,4.55,57807.6,0.01,0.22,4.578,5.041,5.24,82103.43,89732.95,84200.51,0.7
557,2018-06-22,4.4,4.56,4.56,4.36,53123.95,0.15,3.4,4.708,5.1370000000000005,5.295,87175.72,94214.68,85717.65,0.64
558,2018-06-21,4.68,4.73,4.41,4.4,81719.97,-0.24,-5.16,4.882,5.234,5.36,86532.97,95593.58,88297.79,0.99
559,2018-06-20,4.5,4.77,4.65,4.5,79783.22,-0.05,-1.06,5.096,5.348,5.435,84924.25,96469.47,90648.92,0.96
560,2018-06-19,5.0,5.15,4.7,4.7,138082.42,-0.52,-9.96,5.303999999999999,5.425,5.496,93073.4,95219.83,91361.18,1.67
561,2018-06-15,5.48,5.52,5.22,5.19,83169.03,-0.21,-3.87,5.504,5.483,5.551,97362.47,87128.15,88990.69,1.0
562,2018-06-14,5.42,5.56,5.43,5.4,49910.22,-0.05,-0.91,5.566,5.48,5.572,101253.64,85644.47,88554.76,0.6
563,2018-06-13,5.62,5.65,5.48,5.48,73676.34,-0.21,-3.69,5.586,5.475,5.58,104654.2,86148.85,91995.75,0.89
564,2018-06-12,5.61,5.77,5.69,5.53,120529.01,-0.01,-0.17,5.6,5.452999999999999,5.595,108014.69,91940.91,93911.83,1.46
565,2018-06-11,5.55,5.79,5.7,5.45,159527.73,0.17,3.07,5.546,5.443,5.607,97366.25,87071.12,92251.67,1.93
566,2018-06-08,5.55,5.56,5.53,5.36,102624.92,0.0,0.0,5.462000000000001,5.439,5.615,76893.83,78668.07,90188.75,1.24
567,2018-06-07,5.55,5.59,5.53,5.42,66912.98,-0.02,-0.36,5.394,5.452000000000001,5.638999999999999,70035.29,77220.63,89664.16,0.81
568,2018-06-06,5.43,5.59,5.55,5.39,90478.79,0.13,2.4,5.364,5.485,5.667999999999999,67643.51,81001.99,90757.04,1.09
569,2018-06-05,5.29,5.44,5.42,5.28,67286.83,0.14,2.65,5.306,5.521,5.695,75867.14,84828.37,90685.04,0.81
570,2018-06-04,5.25,5.3,5.28,5.22,57165.61,0.09,1.73,5.34,5.566,5.73,76775.98,87502.54,93578.86,0.69
571,2018-06-01,5.35,5.36,5.19,5.16,68332.22,-0.19,-3.53,5.416,5.619,5.77,80442.31,90853.24,96042.7,0.83
572,2018-05-31,5.28,5.39,5.38,5.28,54954.11,0.12,2.28,5.51,5.664,5.807,84405.97,91465.06,98167.26,0.66
573,2018-05-30,5.51,5.51,5.26,5.05,131596.94,-0.33,-5.9,5.606,5.685,5.966,94360.47,97842.64,100748.19,1.59
574,2018-05-29,5.68,5.73,5.59,5.58,71831.02,-0.07,-1.24,5.736000000000001,5.737,6.117999999999999,93789.59,95882.75,99911.18,0.87
575,2018-05-28,5.71,5.74,5.66,5.63,75497.27,0.0,0.0,5.792000000000001,5.771,6.265,98229.1,97432.22,111339.08,0.91
576,2018-05-25,5.83,5.85,5.66,5.65,88150.5,-0.2,-3.41,5.822,5.79,6.4479999999999995,101264.17,101709.42,117387.66,1.07
577,2018-05-24,5.85,5.9,5.86,5.78,104726.61,-0.05,-0.85,5.818,5.8260000000000005,6.646,98524.15,102107.69,128600.34,1.27
578,2018-05-23,5.89,5.96,5.91,5.84,128742.57,0.04,0.68,5.763999999999999,5.85,6.822,101324.82,100512.09,139095.98,1.56
579,2018-05-22,5.8,5.89,5.87,5.74,94028.54,0.06,1.03,5.7379999999999995,5.869,6.971,97975.91,96541.71,143332.1,1.14
580,2018-05-21,5.67,5.84,5.81,5.66,90672.63,0.17,3.01,5.75,5.894,7.122999999999999,96635.34,99655.18,148410.92,1.1
581,2018-05-18,5.62,5.68,5.64,5.56,74450.42,0.05,0.89,5.757999999999999,5.921,7.279,102154.67,101232.15,155182.03,0.9
582,2018-05-17,5.8,5.81,5.59,5.59,118729.92,-0.19,-3.29,5.834,5.95,7.449,105691.23,104869.47,162288.63,1.43
583,2018-05-16,5.89,5.94,5.78,5.76,111998.02,-0.15,-2.53,5.936,6.246,7.593999999999999,99699.36,103653.75,166391.32,1.35
584,2018-05-15,5.9,5.93,5.93,5.81,87325.71,0.08,1.37,6.0,6.497999999999999,7.752999999999999,95107.52,103939.61,176114.09,1.06
585,2018-05-14,5.99,6.09,5.85,5.81,118269.3,-0.17,-2.82,6.037999999999999,6.757999999999999,7.891,102675.01,125245.95,177098.39,1.43
586,2018-05-11,6.17,6.2,6.02,6.01,92133.2,-0.08,-1.31,6.084,7.105,8.036,100309.63,133065.91,179111.91,1.11
587,2018-05-10,6.12,6.15,6.1,6.05,88770.57,0.0,0.0,6.066,7.466,8.18,104047.7,155092.98,184362.04,1.07
588,2018-05-09,6.1,6.15,6.1,6.05,89038.8,-0.02,-0.33,6.556,7.792999999999999,8.307,107608.13,177679.87,185208.36,1.08
589,2018-05-08,6.05,6.13,6.12,5.99,125163.18,0.04,0.66,6.996,8.073,8.437000000000001,112771.7,190122.49,187851.84,1.51
590,2018-05-07,6.04,6.12,6.08,5.99,106442.41,0.15,2.53,7.478,8.351,8.552999999999999,147816.88,197166.66,187231.5,1.29
591,2018-05-04,6.06,6.12,5.93,5.92,110823.54,-0.18,-2.95,8.126,8.637,8.682,165822.18,209131.91,189278.1,1.34
592,2018-05-03,8.32,8.56,8.55,8.2,106572.72,0.25,3.01,8.866,8.947000000000001,8.826,206138.27,219707.79,195676.4,1.8
593,2018-05-02,8.46,8.54,8.3,8.17,114856.65,-0.23,-2.7,9.03,8.942,8.84,247751.61,229128.89,200366.07,1.94
594,2018-04-27,9.38,9.39,8.53,8.41,300389.09,-0.79,-8.48,9.15,9.007,8.87,267473.29,248288.58,205116.59,5.08
595,2018-04-26,9.54,9.58,9.32,9.25,196468.91,-0.31,-3.22,9.224,9.023,8.89,246516.44,228950.83,199512.32,3.32
596,2018-04-25,9.21,9.69,9.63,9.2,312403.97,0.26,2.77,9.148,8.966000000000001,8.863,252441.64,225157.92,199702.54,5.28
597,2018-04-24,8.93,9.57,9.37,8.78,314639.41,0.47,5.28,9.027999999999999,8.892999999999999,8.812000000000001,233277.3,213631.1,192189.11,5.32
598,2018-04-23,8.9,9.14,8.9,8.56,213465.05,0.0,0.0,8.854,8.82,8.772,210506.17,192736.84,183442.66,3.61
599,2018-04-20,8.9,9.11,8.9,8.77,195604.84,-0.04,-0.45,8.863999999999999,8.8,8.762,229103.87,185581.19,181133.24,3.31
600,2018-04-19,8.96,9.18,8.94,8.9,226094.91,-0.09,-1.0,8.822000000000001,8.755,8.751,211385.23,177296.34,179927.28,3.82
601,2018-04-18,8.58,9.05,9.03,8.45,216582.31,0.53,6.24,8.783999999999999,8.727,8.734,197874.21,169424.29,175730.22,3.66
602,2018-04-17,8.91,8.99,8.5,8.5,200783.72,-0.45,-5.03,8.758,8.704,8.704,193984.89,171645.01,171645.01,3.4
603,2018-04-16,8.9,9.24,8.95,8.84,306453.59,0.26,2.99,8.786,8.727,8.727,174967.52,168407.38,168407.38,5.18
604,2018-04-13,8.86,8.86,8.69,8.6,107011.62,-0.06,-0.69,8.736,8.699,8.699,142058.5,151151.6,151151.6,1.81
605,2018-04-12,8.89,8.98,8.75,8.66,158539.8,-0.15,-1.69,8.687999999999999,8.7,8.7,143207.44,157457.31,157457.31,2.68
606,2018-04-11,8.65,8.95,8.9,8.61,197135.72,0.26,3.01,8.67,8.692,8.692,140974.37,157276.9,157276.9,3.34
607,2018-04-10,8.72,8.76,8.64,8.46,105696.88,-0.06,-0.69,8.65,8.65,8.65,149305.13,149305.13,149305.13,1.79
608,2018-04-09,8.42,8.76,8.7,8.42,141908.48,0.25,2.96,8.652999999999999,8.652999999999999,8.652999999999999,160207.2,160207.2,160207.2,2.4
609,2018-04-04,8.72,8.76,8.45,8.44,112756.34,-0.21,-2.42,8.637,8.637,8.637,166306.77,166306.77,166306.77,1.91
610,2018-04-03,8.62,8.76,8.66,8.52,147374.45,-0.14,-1.59,8.73,8.73,8.73,193081.99,193081.99,193081.99,2.49
611,2018-04-02,8.76,9.09,8.8,8.66,238789.52,-0.02,-0.23,8.8,8.8,8.8,238789.52,238789.52,238789.52,4.04
